run_id,application,complexity,coupling,fragmentation,network_disruption,topology_family,information_condition,sketch_policy,environment_seed,controller,step,agent_id,target,proposed_operational_action,information_action,communication_action,delegation_action,accepted_physical_action,counterfactual_evaluated,counterfactual_causal_utility,counterfactual_beneficial,counterfactual_harmful,predictive_uncertainty,action_value_margin,severity,safety_risk,resource_scarcity,shannon_local,pooled_uncertainty,js_disagreement,jt_disagreement_0_5,jt_disagreement_2,graph_disagreement,consensus,consensus_residual,entropy_slope,disagreement_slope,risk_kpi_confidence,risk_predictive_uncertainty,risk_shannon_js,risk_generalized_tsallis_gini,risk_graph_disagreement,risk_combined_generalized_entropic
v7-pilots-utility_restoration-small-low-low-low-grid-private_fragmented-772101-always_act-always_on,utility_restoration,small,low,low,low,grid,private_fragmented,always_on,772101,always_act,0,UTL-00-zone_operator,U00,no_operational_action,no_information_action,no_communication_action,execute_autonomously,False,False,0.0,False,False,0.3878965489387185,0.4071789012429796,0.08027178357221611,0.11639408617971336,0.0,0.583074345889626,0.583074345889626,0.0,0.0,0.0,0.0,1.0,0.6666666666666666,0.0,0.0,0.19341940732229548,0.3878965489387185,0.3009272060478939,0.3568513682378362,0.2962498838875951,0.20924499071107344
v7-pilots-utility_restoration-small-low-low-low-grid-private_fragmented-772101-always_act-always_on,utility_restoration,small,low,low,low,grid,private_fragmented,always_on,772101,always_act,0,UTL-01-crew_dispatch,U05,no_operational_action,no_information_action,no_communication_action,execute_autonomously,False,False,0.0,False,False,0.3778348133623135,0.4368493038376168,0.0,0.0,0.0,0.6066375516932707,0.6066375516932707,0.0,0.0,0.0,0.0,1.0,0.6666666666666666,0.0,0.0,0.1620638365431866,0.3778348133623135,0.3027933132682431,0.352709355652022,0.29202395494550504,0.19246041440811446
v7-pilots-utility_restoration-small-low-low-low-grid-private_fragmented-772101-always_act-always_on,utility_restoration,small,low,low,low,grid,private_fragmented,always_on,772101,always_act,0,UTL-02-cyber_defense,U02,no_operational_action,no_information_action,no_communication_action,execute_autonomously,False,False,0.0,False,False,0.3552793455268891,0.5401950793974106,0.0,0.0,0.0,0.6745318443208412,0.6745318443208412,0.0,0.0,0.0,0.0,1.0,0.75,0.0,0.0,0.1543949774791423,0.3552793455268891,0.31074469929096593,0.34266550250573297,0.29921732512129345,0.19697821674752897
v7-pilots-utility_restoration-small-low-low-low-grid-private_fragmented-772101-always_act-always_on,utility_restoration,small,low,low,low,grid,private_fragmented,always_on,772101,always_act,0,UTL-03-communications,U01,no_operational_action,no_information_action,no_communication_action,execute_autonomously,False,False,0.0,False,False,0.389312344880243,0.42026599568002715,0.0960058239604645,0.13920844474267352,0.0,0.6299662935070665,0.6299662935070665,0.0,0.0,0.0,0.0,1.0,0.6666666666666666,0.0,0.0,0.19937622399752428,0.389312344880243,0.31321651132886386,0.3623767936836737,0.29684451818303537,0.21237913660225555
v7-pilots-utility_restoration-small-low-low-low-grid-private_fragmented-772101-always_act-always_on,utility_restoration,small,low,low,low,grid,private_fragmented,always_on,772101,always_act,0,UTL-04-resource_allocation,U04,no_operational_action,no_information_action,no_communication_action,execute_autonomously,False,False,0.0,False,False,0.29887929470257024,0.6085872678130879,0.03563099211998165,0.05166493857397339,0.0,0.6007656884876391,0.6007656884876391,0.0,0.0,0.0,0.0,1.0,0.6666666666666666,0.0,0.0,0.1476185454566275,0.29887929470257024,0.26974314000293786,0.2955037346453888,0.25886263710841284,0.17655266181226315
v7-pilots-utility_restoration-small-low-low-low-grid-private_fragmented-772101-always_act-always_on,utility_restoration,small,low,low,low,grid,private_fragmented,always_on,772101,always_act,0,UTL-05-critical_load,U01,no_operational_action,no_information_action,no_communication_action,execute_autonomously,False,False,0.0,False,False,0.3042287554007195,0.5616184768738979,0.07685529158264648,0.1114401727948374,0.0,0.5708928631476264,0.5708928631476264,0.0,0.0,0.0,0.0,1.0,0.6666666666666666,0.0,0.0,0.16378341830700557,0.3042287554007195,0.2644147179471944,0.2971015944176706,0.2611094106016355,0.18522353891424861
v7-pilots-utility_restoration-small-low-low-low-grid-private_fragmented-772101-always_act-always_on,utility_restoration,small,low,low,low,grid,private_fragmented,always_on,772101,always_act,0,UTL-06-zone_operator,U00,no_operational_action,no_information_action,no_communication_action,execute_autonomously,False,False,0.0,False,False,0.14793270589833307,0.7853159470791498,0.12302100239175341,0.17838045346804243,0.0,0.341827987806789,0.341827987806789,0.0,0.0,0.0,0.0,1.0,0.6666666666666666,0.0,0.0,0.12670842883776343,0.14793270589833307,0.1446300793110305,0.15532963333265692,0.19546506981063322,0.14949347873436503
v7-pilots-utility_restoration-small-low-low-low-grid-private_fragmented-772101-always_act-always_on,utility_restoration,small,low,low,low,grid,private_fragmented,always_on,772101,always_act,0,UTL-07-crew_dispatch,U03,no_operational_action,no_information_action,no_communication_action,execute_autonomously,False,False,0.0,False,False,0.3511385467941319,0.4737708673669677,0.0,0.0,0.0,0.6194041923433794,0.6194041923433794,0.0,0.0,0.0,0.0,1.0,0.5,0.0,0.0,0.15298710591000486,0.3511385467941319,0.2953064668034976,0.33423978946160393,0.2474781896535354,0.16331879310235695
v7-pilots-utility_restoration-small-low-low-low-grid-private_fragmented-772101-always_act-always_on,utility_restoration,small,low,low,low,grid,private_fragmented,always_on,772101,always_act,0,UTL-08-cyber_defense,U00,no_operational_action,no_information_action,no_communication_action,execute_autonomously,False,False,0.0,False,False,0.3268855818750802,0.5217278440370081,0.0,0.0,0.0,0.5834326086642995,0.5834326086642995,0.0,0.0,0.0,0.0,1.0,0.6666666666666666,0.0,0.0,0.14474109783752728,0.3268855818750802,0.27661238491610696,0.31491965881411504,0.270625277720867,0.17819462959168914
v7-pilots-utility_restoration-small-low-low-low-grid-private_fragmented-772101-always_act-always_on,utility_restoration,small,low,low,low,grid,private_fragmented,always_on,772101,always_act,0,UTL-09-communications,U05,no_operational_action,no_information_action,no_communication_action,execute_autonomously,False,False,0.0,False,False,0.2963824600585777,0.6181587047929124,0.03686037016842364,0.05344753674421428,0.0,0.5833225721190712,0.5833225721190712,0.0,0.0,0.0,0.0,1.0,0.6666666666666666,0.0,0.0,0.14719744523852785,0.2963824600585777,0.2643836270531989,0.29268162395925856,0.257813966557936,0.17606745989237416
v7-pilots-utility_restoration-small-low-low-low-grid-private_fragmented-772101-always_act-always_on,utility_restoration,small,low,low,low,grid,private_fragmented,always_on,772101,always_act,0,UTL-10-resource_allocation,U02,no_operational_action,no_information_action,no_communication_action,execute_autonomously,False,False,0.0,False,False,0.4275066192703699,0.4602582353737826,0.0,0.0,0.0,0.7616024881266725,0.7616024881266725,0.0,0.0,0.0,0.0,1.0,0.75,0.0,0.0,0.17895225055192576,0.4275066192703699,0.3614032697398161,0.3994673443206091,0.3295527800935554,0.21720185339570358
v7-pilots-utility_restoration-small-low-low-low-grid-private_fragmented-772101-always_act-always_on,utility_restoration,small,low,low,low,grid,private_fragmented,always_on,772101,always_act,0,UTL-11-critical_load,U01,no_operational_action,no_information_action,no_communication_action,execute_autonomously,False,False,0.0,False,False,0.36074066119196657,0.41722137656199043,0.003157273932971073,0.004578047202808056,0.0,0.6004226922750442,0.6004226922750442,0.0,0.0,0.0,0.0,1.0,0.6666666666666666,0.0,0.0,0.15735055613394258,0.36074066119196657,0.29440193754554767,0.33743985278759514,0.2848444110339593,0.1882234174647543
v7-pilots-utility_restoration-small-low-low-low-grid-private_fragmented-772101-always_act-always_on,utility_restoration,small,low,low,low,grid,private_fragmented,always_on,772101,always_act,3,UTL-00-zone_operator,U02,no_operational_action,no_information_action,no_communication_action,execute_autonomously,False,False,0.0,False,False,0.2580680828381452,0.6428034215971754,0.047817378552176236,0.06933519890065554,0.0,0.5245692845858965,0.5245692845858965,0.0,0.0,0.0,0.0,1.0,0.75,0.0,0.0,0.13798359590112672,0.2580680828381452,0.2343695542817322,0.2586084411748788,0.25838859479202103,0.17807928706275933
v7-pilots-utility_restoration-small-low-low-low-grid-private_fragmented-772101-always_act-always_on,utility_restoration,small,low,low,low,grid,private_fragmented,always_on,772101,always_act,3,UTL-01-crew_dispatch,U07,no_operational_action,no_information_action,no_communication_action,execute_autonomously,False,False,0.0,False,False,0.41761202015259,0.4394773278142645,0.0021115039132768047,0.0030616806742513668,0.0,0.7294721209549192,0.7294721209549192,0.0,0.0,0.0,0.0,1.0,0.75,0.0,0.0,0.17632289021370093,0.41761202015259,0.3494128382997658,0.38977129728459703,0.3253970484640878,0.2147987673236354
v7-pilots-utility_restoration-small-low-low-low-grid-private_fragmented-772101-always_act-always_on,utility_restoration,small,low,low,low,grid,private_fragmented,always_on,772101,always_act,3,UTL-02-cyber_defense,U04,no_operational_action,no_information_action,no_communication_action,execute_autonomously,False,False,0.0,False,False,0.3972296449758981,0.44475162508229205,0.032967375762094915,0.04780269485503763,0.0,0.6887599248748697,0.6887599248748697,0.0,0.0,0.0,0.0,1.0,0.6666666666666666,0.0,0.0,0.18013072605701438,0.3972296449758981,0.33108183920907663,0.372662522149123,0.3001697842232105,0.20362729064252266
v7-pilots-utility_restoration-small-low-low-low-grid-private_fragmented-772101-always_act-always_on,utility_restoration,small,low,low,low,grid,private_fragmented,always_on,772101,always_act,3,UTL-03-communications,U07,reconfigure_service_edge,request_peer_evidence,negotiate_commitment,execute_autonomously,True,True,-0.01440201711949938,False,True,0.576774301119076,0.1180234311493627,0.13006723731664602,0.18859749410913673,0.0,0.7608289658464246,0.7608289658464246,0.0,0.0,0.0,0.0,1.0,0.75,0.0,0.0,0.2749666609666787,0.576774301119076,0.42091696190923655,0.48058656407488765,0.39224520647001193,0.2816285036064377
v7-pilots-utility_restoration-small-low-low-low-grid-private_fragmented-772101-always_act-always_on,utility_restoration,small,low,low,low,grid,private_fragmented,always_on,772101,always_act,3,UTL-04-resource_allocation,U06,no_operational_action,no_information_action,no_communication_action,execute_autonomously,False,False,0.0,False,False,0.37851832902978755,0.45278035572256103,0.10876327530192254,0.15770674918778768,0.0,0.6538908297450119,0.6538908297450119,0.0,0.0,0.0,0.0,1.0,0.5,0.0,0.0,0.2001458516751968,0.37851832902978755,0.31488003904816797,0.3564756707228931,0.25897769819251076,0.18990994203087505
v7-pilots-utility_restoration-small-low-low-low-grid-private_fragmented-772101-always_act-always_on,utility_restoration,small,low,low,low,grid,private_fragmented,always_on,772101,always_act,3,UTL-05-critical_load,U03,no_operational_action,no_information_action,no_communication_action,execute_autonomously,False,False,0.0,False,False,0.39599153930845676,0.45968349301221245,0.0,0.0,0.0,0.6909129558330438,0.6909129558330438,0.0,0.0,0.0,0.0,1.0,0.5,0.0,0.0,0.1682371233648753,0.39599153930845676,0.33112485468164365,0.37216449837425125,0.26631644650955183,0.1758776310063679
v7-pilots-utility_restoration-small-low-low-low-grid-private_fragmented-772101-always_act-always_on,utility_restoration,small,low,low,low,grid,private_fragmented,always_on,772101,always_act,3,UTL-06-zone_operator,U06,no_operational_action,no_information_action,no_communication_action,execute_autonomously,False,False,0.0,False,False,0.34228604282969055,0.5161838690858054,0.0,0.0,0.0,0.6268632028073106,0.6268632028073106,0.0,0.0,0.0,0.0,1.0,0.5,0.0,0.0,0.1499772545620948,0.34228604282969055,0.29363021783370385,0.32915598762521725,0.24376013798847004,0.16084009199231336
v7-pilots-utility_restoration-small-low-low-low-grid-private_fragmented-772101-always_act-always_on,utility_restoration,small,low,low,low,grid,private_fragmented,always_on,772101,always_act,3,UTL-07-crew_dispatch,U05,no_operational_action,no_information_action,no_communication_action,execute_autonomously,False,False,0.0,False,False,0.37837564603505247,0.5168488000831668,0.09113235549453746,0.13214191546707932,0.0,0.6723683890348147,0.6723683890348147,0.0,0.0,0.0,0.0,1.0,0.6666666666666666,0.0,0.0,0.19396177936401687,0.37837564603505247,0.31944235567272466,0.3593856167239606,0.2922511046680554,0.2084688774125309
v7-pilots-utility_restoration-small-low-low-low-grid-private_fragmented-772101-always_act-always_on,utility_restoration,small,low,low,low,grid,private_fragmented,always_on,772101,always_act,3,UTL-08-cyber_defense,U02,no_operational_action,no_information_action,no_communication_action,execute_autonomously,False,False,0.0,False,False,0.31400744532232794,0.5980646982653194,0.1406614611987505,0.20395911873818823,0.0,0.6182430204780145,0.6182430204780145,0.0,0.0,0.0,0.0,1.0,0.75,0.0,0.0,0.18931271990675666,0.31400744532232794,0.2801637332484348,0.30824318273874673,0.28188312703537777,0.20989717893883442
v7-pilots-utility_restoration-small-low-low-low-grid-private_fragmented-772101-always_act-always_on,utility_restoration,small,low,low,low,grid,private_fragmented,always_on,772101,always_act,3,UTL-09-communications,U07,no_operational_action,no_information_action,no_communication_action,execute_autonomously,False,False,0.0,False,False,0.4178829305279801,0.4499586572612499,0.0,0.0,0.0,0.7332539387965664,0.7332539387965664,0.0,0.0,0.0,0.0,1.0,0.75,0.0,0.0,0.17568019637951324,0.4178829305279801,0.35046665691033363,0.39047571640455825,0.32551083082175164,0.21450722054783444
v7-pilots-utility_restoration-small-low-low-low-grid-private_fragmented-772101-always_act-always_on,utility_restoration,small,low,low,low,grid,private_fragmented,always_on,772101,always_act,3,UTL-10-resource_allocation,U04,no_operational_action,no_information_action,no_communication_action,execute_autonomously,False,False,0.0,False,False,0.31910994262811465,0.5878649466862915,0.033398994422042985,0.04842854191196233,0.0,0.6188701877383361,0.6188701877383361,0.0,0.0,0.0,0.0,1.0,0.6666666666666666,0.0,0.0,0.15372023055242995,0.31910994262811465,0.2823615239858299,0.31219131007029344,0.26735950923714147,0.18182887563197425
v7-pilots-utility_restoration-small-low-low-low-grid-private_fragmented-772101-always_act-always_on,utility_restoration,small,low,low,low,grid,private_fragmented,always_on,772101,always_act,3,UTL-11-critical_load,U07,no_operational_action,no_information_action,no_communication_action,execute_autonomously,False,False,0.0,False,False,0.3480688032384196,0.5074147022771138,0.0,0.0,0.0,0.6275919586629205,0.6275919586629205,0.0,0.0,0.0,0.0,1.0,0.75,0.0,0.0,0.15194339310106267,0.3480688032384196,0.29612551096109796,0.333624496118303,0.29618889736013626,0.1949592649067575
v7-pilots-utility_restoration-small-low-low-low-grid-private_fragmented-772101-always_act-always_on,utility_restoration,small,low,low,low,grid,private_fragmented,always_on,772101,always_act,6,UTL-00-zone_operator,U00,no_operational_action,no_information_action,no_communication_action,execute_autonomously,False,False,0.0,False,False,0.39254576185561396,0.49447405944800615,0.0,0.0,0.0,0.7119305457572804,0.7119305457572804,0.0,0.0,0.0,0.0,1.0,0.6666666666666666,0.1288561998676544,0.0,0.16706555903090875,0.39254576185561396,0.3350009411815657,0.3717925279915429,0.2982025533126912,0.1965794799862386
v7-pilots-utility_restoration-small-low-low-low-grid-private_fragmented-772101-always_act-always_on,utility_restoration,small,low,low,low,grid,private_fragmented,always_on,772101,always_act,6,UTL-01-crew_dispatch,U05,no_operational_action,no_information_action,no_communication_action,execute_autonomously,False,False,0.0,False,False,0.3598157696185682,0.5020592381450444,0.0,0.0,0.0,0.6688632866402457,0.6688632866402457,0.0,0.0,0.0,0.0,1.0,0.6666666666666666,0.06222573494697503,0.0,0.1559373616703132,0.3598157696185682,0.31114212950748876,0.34502447025861094,0.28445595657313194,0.18741508215986577
v7-pilots-utility_restoration-small-low-low-low-grid-private_fragmented-772101-always_act-always_on,utility_restoration,small,low,low,low,grid,private_fragmented,always_on,772101,always_act,6,UTL-02-cyber_defense,U02,no_operational_action,no_information_action,no_communication_action,execute_autonomously,False,False,0.0,False,False,0.3540114037866857,0.4958136585995548,0.06874236357814117,0.0996764271883047,0.0,0.6541132478678836,0.6541132478678836,0.0,0.0,0.0,0.0,1.0,0.75,-0.020418596452957627,0.0,0.17788621981266628,0.3540114037866857,0.3051328734816452,0.33945611927563657,0.298684789590408,0.2085843643228686
v7-pilots-utility_restoration-small-low-low-low-grid-private_fragmented-772101-always_act-always_on,utility_restoration,small,low,low,low,grid,private_fragmented,always_on,772101,always_act,6,UTL-03-communications,U01,no_operational_action,no_information_action,no_communication_action,execute_autonomously,False,False,0.0,False,False,0.3860138145292983,0.4792229975038068,0.0003049784640320554,0.00044221877284648036,0.0,0.6920654838144251,0.6920654838144251,0.0,0.0,0.0,0.0,1.0,0.6666666666666666,0.062099190307358665,0.0,0.1649508294454446,0.3860138145292983,0.3274218967653256,0.3654425404578826,0.2954591354356386,0.1948036009876118
v7-pilots-utility_restoration-small-low-low-low-grid-private_fragmented-772101-always_act-always_on,utility_restoration,small,low,low,low,grid,private_fragmented,always_on,772101,always_act,6,UTL-04-resource_allocation,U04,no_operational_action,no_information_action,no_communication_action,execute_autonomously,False,False,0.0,False,False,0.3838247286071159,0.4648393579622344,0.18468282176309112,0.24279009155648212,0.0,0.6827986607249749,0.6827986607249749,0.0,0.0,0.0,0.0,1.0,0.6666666666666666,0.08203297223733574,0.0,0.2223700296999751,0.3838247286071159,0.3242295566240901,0.36271802150610516,0.294539719348322,0.22327240166343698
v7-pilots-utility_restoration-small-low-low-low-grid-private_fragmented-772101-always_act-always_on,utility_restoration,small,low,low,low,grid,private_fragmented,always_on,772101,always_act,6,UTL-05-critical_load,U01,no_operational_action,no_information_action,no_communication_action,execute_autonomously,False,False,0.0,False,False,0.3878063901591473,0.4819423339405553,0.0,0.0,0.0,0.682786261517106,0.682786261517106,0.0,0.0,0.0,0.0,1.0,0.6666666666666666,0.11189339836947954,0.0,0.16545417265411008,0.3878063901591473,0.32581912144293546,0.365759892915859,0.2962120172001752,0.19525245591122792
v7-pilots-utility_restoration-small-low-low-low-grid-private_fragmented-772101-always_act-always_on,utility_restoration,small,low,low,low,grid,private_fragmented,always_on,772101,always_act,6,UTL-06-zone_operator,U00,no_operational_action,no_information_action,no_communication_action,execute_autonomously,False,False,0.0,False,False,0.35563291764314575,0.49212045475159993,0.023047102196387698,0.03341829818476216,0.0,0.6521439145932836,0.6521439145932836,0.0,0.0,0.0,0.0,1.0,0.6666666666666666,0.31031592678649456,0.0,0.16253558356301248,0.35563291764314575,0.3052891457055792,0.34047438931932283,0.2826991587434545,0.19025407938891895
v7-pilots-utility_restoration-small-low-low-low-grid-private_fragmented-772101-always_act-always_on,utility_restoration,small,low,low,low,grid,private_fragmented,always_on,772101,always_act,6,UTL-07-crew_dispatch,U03,no_operational_action,request_peer_evidence,send_targeted_summary,execute_autonomously,False,False,0.0,False,False,0.6773166879373893,0.11819645172419746,0.0,0.0,0.0,0.7763604012893212,0.7763604012893212,0.0,0.0,0.0,0.0,1.0,0.5,0.15695620894594176,0.0,0.26388767389871237,0.6773166879373893,0.46501677549728604,0.5182672365213901,0.3844730089337035,0.25464867262246904
v7-pilots-utility_restoration-small-low-low-low-grid-private_fragmented-772101-always_act-always_on,utility_restoration,small,low,low,low,grid,private_fragmented,always_on,772101,always_act,6,UTL-08-cyber_defense,U00,no_operational_action,no_information_action,no_communication_action,execute_autonomously,False,False,0.0,False,False,0.3893387315358747,0.443058604284853,0.0036748938492119168,0.005328596081357279,0.0,0.6870163842137469,0.6870163842137469,0.0,0.0,0.0,0.0,1.0,0.6666666666666666,0.10358377554944742,0.0,0.16725403178172316,0.3893387315358747,0.32748958866778666,0.3664689591785265,0.2968556005784007,0.19632094302647446
v7-pilots-utility_restoration-small-low-low-low-grid-private_fragmented-772101-always_act-always_on,utility_restoration,small,low,low,low,grid,private_fragmented,always_on,772101,always_act,6,UTL-09-communications,U05,no_operational_action,no_information_action,no_communication_action,execute_autonomously,False,False,0.0,False,False,0.366527342701227,0.5399838941534503,0.05961727298334987,0.08644504582585731,0.0,0.6925293059509389,0.6925293059509389,0.0,0.0,0.0,0.0,1.0,0.6666666666666666,0.10920673383186763,0.0,0.17896610751662292,0.366527342701227,0.3197432635682255,0.3521440634704363,0.28727481726784865,0.19966772812211311
v7-pilots-utility_restoration-small-low-low-low-grid-private_fragmented-772101-always_act-always_on,utility_restoration,small,low,low,low,grid,private_fragmented,always_on,772101,always_act,6,UTL-10-resource_allocation,U02,no_operational_action,no_information_action,no_communication_action,execute_autonomously,False,False,0.0,False,False,0.3632189730573402,0.529459893802049,0.06426750723539008,0.09318788549131563,0.0,0.6783471141781928,0.6783471141781928,0.0,0.0,0.0,0.0,1.0,0.75,-0.0832553739484797,0.0,0.1794595433574114,0.3632189730573402,0.3148743677674843,0.3485145067807227,0.3025519686840829,0.21038385871501314
v7-pilots-utility_restoration-small-low-low-low-grid-private_fragmented-772101-always_act-always_on,utility_restoration,small,low,low,low,grid,private_fragmented,always_on,772101,always_act,6,UTL-11-critical_load,U01,no_operational_action,no_information_action,no_communication_action,execute_autonomously,False,False,0.0,False,False,0.2621800654729902,0.6544192984526762,0.05459865387239212,0.07916804811496858,0.0,0.5446436130587058,0.5446436130587058,0.0,0.0,0.0,0.0,1.0,0.6666666666666666,-0.0557790792163384,0.0,0.14174155380840914,0.2621800654729902,0.24103292945387256,0.26317777500715406,0.24344896083198922,0.16957725077290015
v7-pilots-utility_restoration-small-low-low-low-grid-private_fragmented-772101-always_act-always_on,utility_restoration,small,low,low,low,grid,private_fragmented,always_on,772101,always_act,9,UTL-00-zone_operator,U02,no_operational_action,no_information_action,no_communication_action,execute_autonomously,False,False,0.0,False,False,0.3386833399819037,0.5518372674263599,0.0,0.0,0.0,0.6412211384769606,0.6412211384769606,0.0,0.0,0.0,0.0,1.0,0.75,0.11665185389106414,0.0,0.14875233559384726,0.3386833399819037,0.29577862061200166,0.3282200678901971,0.29224700279239957,0.19233133519493306
v7-pilots-utility_restoration-small-low-low-low-grid-private_fragmented-772101-always_act-always_on,utility_restoration,small,low,low,low,grid,private_fragmented,always_on,772101,always_act,9,UTL-01-crew_dispatch,U07,dispatch_repair_crew,no_information_action,negotiate_commitment,execute_autonomously,True,False,0.0,False,False,0.46354115539339524,0.383641849336507,0.5545120209074692,0.25404243031583035,0.0,0.7720754526447836,0.7720754526447836,0.0,0.0,0.0,0.0,1.0,0.75,0.04260333168986441,0.0,0.25217417610955367,0.46354115539339524,0.378435325318554,0.42301158598433175,0.344687285265226,0.25777661514805034
v7-pilots-utility_restoration-small-low-low-low-grid-private_fragmented-772101-always_act-always_on,utility_restoration,small,low,low,low,grid,private_fragmented,always_on,772101,always_act,9,UTL-02-cyber_defense,U04,no_operational_action,no_information_action,no_communication_action,execute_autonomously,False,False,0.0,False,False,0.3937247877284843,0.4499867324750566,0.09836716591346817,0.11763239057452883,0.0,0.6884692487574574,0.6884692487574574,0.0,0.0,0.0,0.0,1.0,0.6666666666666666,-0.0002906761174122918,0.0,0.19569820156557158,0.3937247877284843,0.3296072272807581,0.3700770175283738,0.29869774417929673,0.21102549409958574
v7-pilots-utility_restoration-small-low-low-low-grid-private_fragmented-772101-always_act-always_on,utility_restoration,small,low,low,low,grid,private_fragmented,always_on,772101,always_act,9,UTL-03-communications,U07,dispatch_repair_crew,no_information_action,negotiate_commitment,execute_autonomously,True,True,-0.0250812488605594,False,True,0.5195580412564523,0.2573250337767365,0.4860416286853133,0.15476036159370427,0.0,0.7933124992479448,0.7933124992479448,0.0,0.0,0.0,0.0,1.0,0.75,0.032483533401520215,0.0,0.24739222080968282,0.5195580412564523,0.40615134131456715,0.45700084752824277,0.36821437732771,0.2615474949430512
v7-pilots-utility_restoration-small-low-low-low-grid-private_fragmented-772101-always_act-always_on,utility_restoration,small,low,low,low,grid,private_fragmented,always_on,772101,always_act,9,UTL-04-resource_allocation,U06,isolate_component,request_peer_evidence,negotiate_commitment,execute_autonomously,True,True,-38.34400087108043,False,True,0.5048274515422445,0.2618413611699683,0.7620347798455686,0.5302462100512528,0.0,0.774085933846782,0.774085933846782,0.0,0.0,0.0,0.0,1.0,0.5,0.12019510410177014,0.0,0.33250042393666385,0.5048274515422445,0.39545246407859336,0.4461614355151216,0.3120275296477427,0.2699812316379788
v7-pilots-utility_restoration-small-low-low-low-grid-private_fragmented-772101-always_act-always_on,utility_restoration,small,low,low,low,grid,private_fragmented,always_on,772101,always_act,9,UTL-05-critical_load,U03,no_operational_action,no_information_action,no_communication_action,execute_autonomously,False,False,0.0,False,False,0.3730934549417032,0.47460261981699925,0.0,0.0,0.0,0.6596727419147128,0.6596727419147128,0.0,0.0,0.0,0.0,1.0,0.5,-0.031240213918330983,0.0,0.1604517746801791,0.3730934549417032,0.3141555674553595,0.3534515465000232,0.25669925107551533,0.16946616738367692
v7-pilots-utility_restoration-small-low-low-low-grid-private_fragmented-772101-always_act-always_on,utility_restoration,small,low,low,low,grid,private_fragmented,always_on,772101,always_act,9,UTL-06-zone_operator,U06,isolate_component,request_peer_evidence,send_targeted_summary,execute_autonomously,True,False,0.0,False,False,0.43701727947107094,0.40786787287820364,0.6675371017024508,0.5476287504914673,0.0,0.7513809226892921,0.7513809226892921,0.0,0.0,0.0,0.0,1.0,0.5,0.12451771988198157,0.0,0.3136167751381163,0.43701727947107094,0.3626521424607514,0.4042636190233715,0.2835472573778498,0.2530802883108759
v7-pilots-utility_restoration-small-low-low-low-grid-private_fragmented-772101-always_act-always_on,utility_restoration,small,low,low,low,grid,private_fragmented,always_on,772101,always_act,9,UTL-07-crew_dispatch,U05,no_operational_action,no_information_action,no_communication_action,execute_autonomously,False,False,0.0,False,False,0.3695459972920687,0.4852462414169536,0.13806915974499256,0.20020028163023923,0.0,0.6766531475307823,0.6766531475307823,0.0,0.0,0.0,0.0,1.0,0.6666666666666666,0.0042847584959676555,0.0,0.20729370667056077,0.3695459972920687,0.31698168579952307,0.3524197512927647,0.28854265219600217,0.21416357970407462
v7-pilots-utility_restoration-small-low-low-low-grid-private_fragmented-772101-always_act-always_on,utility_restoration,small,low,low,low,grid,private_fragmented,always_on,772101,always_act,9,UTL-08-cyber_defense,U02,no_operational_action,no_information_action,no_communication_action,execute_autonomously,False,False,0.0,False,False,0.34293497076705837,0.5429169939147002,0.0,0.0,0.0,0.6462169958115013,0.6462169958115013,0.0,0.0,0.0,0.0,1.0,0.75,0.027973975333486778,0.0,0.15019789006079984,0.34293497076705837,0.29872823725969866,0.33162252503026124,0.2940326877221645,0.19352179181477636
v7-pilots-utility_restoration-small-low-low-low-grid-private_fragmented-772101-always_act-always_on,utility_restoration,small,low,low,low,grid,private_fragmented,always_on,772101,always_act,9,UTL-09-communications,U07,dispatch_repair_crew,no_information_action,no_communication_action,execute_autonomously,True,False,0.0,False,False,0.4097568311912948,0.41732215155202523,0.5935551120590103,0.31065491248556504,0.0,0.7143030923719439,0.7143030923719439,0.0,0.0,0.0,0.0,1.0,0.75,-0.018950846424622525,0.0,0.24747450160157583,0.4097568311912948,0.3424785055695039,0.3824915729882644,0.3220978691003438,0.24951050223183036
v7-pilots-utility_restoration-small-low-low-low-grid-private_fragmented-772101-always_act-always_on,utility_restoration,small,low,low,low,grid,private_fragmented,always_on,772101,always_act,9,UTL-10-resource_allocation,U04,no_operational_action,no_information_action,no_communication_action,execute_autonomously,False,False,0.0,False,False,0.35819279802095183,0.5405246503827782,0.13277535013854883,0.16752425770089577,0.0,0.6729020997959002,0.6729020997959002,0.0,0.0,0.0,0.0,1.0,0.6666666666666666,0.05403191205756408,0.0,0.1955913731753386,0.35819279802095183,0.3115026441573558,0.34465835671610534,0.2837743085021331,0.2070635610366407
v7-pilots-utility_restoration-small-low-low-low-grid-private_fragmented-772101-always_act-always_on,utility_restoration,small,low,low,low,grid,private_fragmented,always_on,772101,always_act,9,UTL-11-critical_load,U07,no_operational_action,no_information_action,no_communication_action,execute_autonomously,False,False,0.0,False,False,0.8374610678191675,0.3491293337982019,0.7436348673803928,0.5282705577015694,0.0,0.8012945811790865,0.8012945811790865,0.0,0.0,0.0,0.0,1.0,0.75,0.17370262251616597,0.0,0.4451216969068936,0.8374610678191675,0.5353080724224386,0.5804313279416353,0.5017336484840504,0.3953815659135552
v7-pilots-utility_restoration-small-low-low-low-grid-private_fragmented-772101-always_act-always_on,utility_restoration,small,low,low,low,grid,private_fragmented,always_on,772101,always_act,12,UTL-00-zone_operator,U00,no_operational_action,no_information_action,no_communication_action,execute_autonomously,False,False,0.0,False,False,0.4164151203528119,0.4431514720839174,0.08943013599079479,0.12967369718665245,1.0,0.7288773098666017,0.7288773098666017,0.0,0.0,0.0,0.0,1.0,0.6666666666666666,0.016946764109321277,0.0,0.45030282824475265,0.4164151203528119,0.3487853756077752,0.38889895807156116,0.30822768388151434,0.21882374402785232
v7-pilots-utility_restoration-small-low-low-low-grid-private_fragmented-772101-always_act-always_on,utility_restoration,small,low,low,low,grid,private_fragmented,always_on,772101,always_act,12,UTL-01-crew_dispatch,U05,no_operational_action,no_information_action,no_communication_action,execute_autonomously,False,False,0.0,False,False,0.3916944472783853,0.45378652752431886,0.0,0.0,1.0,0.6965014559165046,0.6965014559165046,0.0,0.0,0.0,0.0,1.0,0.6666666666666666,0.02763816927625884,0.0,0.41077611207465103,0.3916944472783853,0.3308031428904803,0.369240500005691,0.29784500119025514,0.19634111190461456
v7-pilots-utility_restoration-small-low-low-low-grid-private_fragmented-772101-always_act-always_on,utility_restoration,small,low,low,low,grid,private_fragmented,always_on,772101,always_act,12,UTL-02-cyber_defense,U02,no_operational_action,no_information_action,no_communication_action,execute_autonomously,False,False,0.0,False,False,0.3433540839096836,0.5655441347812974,0.02744254660342043,0.039791692574959625,1.0,0.6576580266298409,0.6576580266298409,0.0,0.0,0.0,0.0,1.0,0.75,0.0035447787619572457,0.0,0.4038903947472827,0.3433540839096836,0.3017561402213337,0.33280414187215424,0.29420871524206715,0.19841414660370657
v7-pilots-utility_restoration-small-low-low-low-grid-private_fragmented-772101-always_act-always_on,utility_restoration,small,low,low,low,grid,private_fragmented,always_on,772101,always_act,12,UTL-03-communications,U01,no_operational_action,no_information_action,no_communication_action,execute_autonomously,False,False,0.0,False,False,0.37089583143467875,0.5106402178442107,0.10148311810799207,0.1471505212565885,1.0,0.6926114257796308,0.6926114257796308,0.0,0.0,0.0,0.0,1.0,0.6666666666666666,0.0005459419652056319,0.0,0.439020707789372,0.37089583143467875,0.3215111890187792,0.3550603324860546,0.2891095825358984,0.20817556201916737
v7-pilots-utility_restoration-small-low-low-low-grid-private_fragmented-772101-always_act-always_on,utility_restoration,small,low,low,low,grid,private_fragmented,always_on,772101,always_act,12,UTL-04-resource_allocation,U04,no_operational_action,no_information_action,no_communication_action,execute_autonomously,False,False,0.0,False,False,0.3385135668351984,0.5360867934856864,0.14673531170935755,0.18776620197856844,1.0,0.6394791656792806,0.6394791656792806,0.0,0.0,0.0,0.0,1.0,0.6666666666666666,-0.04331949504569421,0.0,0.43775850119882387,0.3385135668351984,0.29527521815389957,0.32762179169730865,0.27550903140411664,0.20398240961795044
v7-pilots-utility_restoration-small-low-low-low-grid-private_fragmented-772101-always_act-always_on,utility_restoration,small,low,low,low,grid,private_fragmented,always_on,772101,always_act,12,UTL-05-critical_load,U01,no_operational_action,no_information_action,no_communication_action,execute_autonomously,False,False,0.0,False,False,0.35830530804457494,0.48498967972575596,0.044321611060135664,0.06426633603719671,1.0,0.6350007855372068,0.6350007855372068,0.0,0.0,0.0,0.0,1.0,0.6666666666666666,-0.04778547597989913,0.0,0.41484772538408266,0.35830530804457494,0.30207231960213166,0.3409334662646042,0.28382156271205483,0.19470411324361125
v7-pilots-utility_restoration-small-low-low-low-grid-private_fragmented-772101-always_act-always_on,utility_restoration,small,low,low,low,grid,private_fragmented,always_on,772101,always_act,12,UTL-06-zone_operator,U00,no_operational_action,no_information_action,no_communication_action,execute_autonomously,False,False,0.0,False,False,0.3883711892285753,0.5049425352141748,0.0,0.0,1.0,0.7178028739654542,0.7178028739654542,0.0,0.0,0.0,0.0,1.0,0.6666666666666666,0.06565895937217059,0.0,0.4096462043377156,0.3883711892285753,0.3347991941827937,0.3694027377031987,0.29644923280933494,0.19541059965066776
v7-pilots-utility_restoration-small-low-low-low-grid-private_fragmented-772101-always_act-always_on,utility_restoration,small,low,low,low,grid,private_fragmented,always_on,772101,always_act,12,UTL-07-crew_dispatch,U03,no_operational_action,no_information_action,no_communication_action,execute_autonomously,False,False,0.0,False,False,0.4270473182152741,0.44664382552428245,0.0,0.0,1.0,0.7497253372844969,0.7497253372844969,0.0,0.0,0.0,0.0,1.0,0.5,-0.026635064004824294,0.0,0.4227960881931932,0.4270473182152741,0.35825026160723383,0.3979922063218603,0.27935987365041515,0.18457324910027675
v7-pilots-utility_restoration-small-low-low-low-grid-private_fragmented-772101-always_act-always_on,utility_restoration,small,low,low,low,grid,private_fragmented,always_on,772101,always_act,12,UTL-08-cyber_defense,U00,no_operational_action,no_information_action,no_communication_action,execute_autonomously,False,False,0.0,False,False,0.37064490829934416,0.4627604804570642,0.05043458310560957,0.07313014550313388,1.0,0.6513333645509134,0.6513333645509134,0.0,0.0,0.0,0.0,1.0,0.6666666666666666,-0.03568301966283349,0.0,0.4211705037425292,0.37064490829934416,0.311091304457466,0.350819830444165,0.28900419481905787,0.19922285845085913
v7-pilots-utility_restoration-small-low-low-low-grid-private_fragmented-772101-always_act-always_on,utility_restoration,small,low,low,low,grid,private_fragmented,always_on,772101,always_act,12,UTL-09-communications,U05,no_operational_action,no_information_action,no_communication_action,execute_autonomously,False,False,0.0,False,False,0.38967019145954596,0.4762149482893983,0.0,0.0,1.0,0.6965395338648267,0.6965395338648267,0.0,0.0,0.0,0.0,1.0,0.6666666666666666,0.004010227913887832,0.0,0.4100878650962456,0.38967019145954596,0.33000296005002505,0.3684253757941428,0.2969948137463426,0.19577432027533953
v7-pilots-utility_restoration-small-low-low-low-grid-private_fragmented-772101-always_act-always_on,utility_restoration,small,low,low,low,grid,private_fragmented,always_on,772101,always_act,12,UTL-10-resource_allocation,U02,deploy_mobile_generation,request_peer_evidence,send_targeted_summary,execute_autonomously,True,False,0.0,False,False,0.6114485399126235,0.004224480725452451,0.009479081689562718,0.013744668449865941,1.0,0.7702061927152266,0.7702061927152266,0.0,0.0,0.0,0.0,1.0,0.75,0.09185907853703379,0.0,0.4887912239982598,0.6114485399126235,0.43713096414385605,0.4921567417318985,0.4068083867633019,0.2703549513895185
v7-pilots-utility_restoration-small-low-low-low-grid-private_fragmented-772101-always_act-always_on,utility_restoration,small,low,low,low,grid,private_fragmented,always_on,772101,always_act,12,UTL-11-critical_load,U01,no_operational_action,no_information_action,no_communication_action,execute_autonomously,False,False,0.0,False,False,0.34042314594836787,0.5684607269174596,0.0,0.0,1.0,0.6482873230420709,0.6482873230420709,0.0,0.0,0.0,0.0,1.0,0.6666666666666666,0.10364370998336514,0.0,0.39334386962244505,0.34042314594836787,0.2982410891398649,0.3299660018726628,0.27631105463164785,0.18198514753220968
v7-pilots-utility_restoration-small-low-low-low-grid-private_fragmented-772101-always_act-always_on,utility_restoration,small,low,low,low,grid,private_fragmented,always_on,772101,always_act,15,UTL-00-zone_operator,U02,no_operational_action,no_information_action,no_communication_action,execute_autonomously,False,False,0.0,False,False,0.3679417373455093,0.5391748796221594,0.0,0.0,1.0,0.694837385253618,0.694837385253618,0.0,0.0,0.0,0.0,1.0,0.75,0.05361624677665744,0.0,0.40270019069747315,0.3679417373455093,0.32088604125160824,0.3533395387594991,0.3045355296851139,0.20052368645674262
v7-pilots-utility_restoration-small-low-low-low-grid-private_fragmented-772101-always_act-always_on,utility_restoration,small,low,low,low,grid,private_fragmented,always_on,772101,always_act,15,UTL-01-crew_dispatch,U07,no_operational_action,request_peer_evidence,send_targeted_summary,execute_autonomously,False,False,0.0,False,False,0.7263062105097213,0.11056107475093824,0.5960671751590381,0.31429740398060513,1.0,0.8421486840916365,0.8421486840916365,0.0,0.0,0.0,0.0,1.0,0.75,0.07007323144685285,0.0,0.5999754885286506,0.7263062105097213,0.5010596552267976,0.556679736872908,0.45504860841408296,0.33858142742039465
v7-pilots-utility_restoration-small-low-low-low-grid-private_fragmented-772101-always_act-always_on,utility_restoration,small,low,low,low,grid,private_fragmented,always_on,772101,always_act,15,UTL-02-cyber_defense,U04,no_operational_action,no_information_action,no_communication_action,execute_autonomously,False,False,0.0,False,False,0.36455056401677255,0.5203743419588195,0.22388720868891787,0.2996364525989309,1.0,0.6844161423980983,0.6844161423980983,0.0,0.0,0.0,0.0,1.0,0.6666666666666666,-0.004053106359359071,0.0,0.47345994038944605,0.36455056401677255,0.3169242612062336,0.34995688190899776,0.28644457022037784,0.2246971989032347
v7-pilots-utility_restoration-small-low-low-low-grid-private_fragmented-772101-always_act-always_on,utility_restoration,small,low,low,low,grid,private_fragmented,always_on,772101,always_act,15,UTL-03-communications,U07,no_operational_action,no_information_action,no_communication_action,execute_autonomously,False,False,0.0,False,False,0.37777590729240085,0.47504470982273483,0.5142008455568432,0.19559122605742257,1.0,0.6658697400565361,0.6658697400565361,0.0,0.0,0.0,0.0,1.0,0.75,-0.12744275919140868,0.0,0.4529857027331977,0.37777590729240085,0.31757779793109436,0.35718091495404336,0.30866588106280834,0.22674820116876296
v7-pilots-utility_restoration-small-low-low-low-grid-private_fragmented-772101-always_act-always_on,utility_restoration,small,low,low,low,grid,private_fragmented,always_on,772101,always_act,15,UTL-04-resource_allocation,U06,isolate_component,request_peer_evidence,negotiate_commitment,execute_autonomously,True,False,0.0,False,False,0.40362890402956275,0.46436765303747507,0.8563693451884506,0.61831615444004,1.0,0.7236318379721998,0.7236318379721998,0.0,0.0,0.0,0.0,1.0,0.5,-0.05045409587458227,0.0,0.563229704435661,0.40362890402956275,0.34235952110487505,0.380003040986464,0.26952413969241634,0.25221403166108236
v7-pilots-utility_restoration-small-low-low-low-grid-private_fragmented-772101-always_act-always_on,utility_restoration,small,low,low,low,grid,private_fragmented,always_on,772101,always_act,15,UTL-05-critical_load,U03,no_operational_action,no_information_action,no_communication_action,execute_autonomously,False,False,0.0,False,False,0.37665873621516566,0.4933629914694955,0.0,0.0,1.0,0.6943368030177037,0.6943368030177037,0.0,0.0,0.0,0.0,1.0,0.5,0.03466406110299092,0.0,0.4056639703131563,0.37665873621516566,0.32424769524049224,0.3590962502447185,0.25819666921036954,0.1704644461402464
v7-pilots-utility_restoration-small-low-low-low-grid-private_fragmented-772101-always_act-always_on,utility_restoration,small,low,low,low,grid,private_fragmented,always_on,772101,always_act,15,UTL-06-zone_operator,U06,restore_communication_relay,request_peer_evidence,send_targeted_summary,execute_autonomously,True,True,-0.03516643291793726,False,True,0.6280181638071289,0.0856507519927589,0.8222144305979087,0.3737095434769283,1.0,0.8565206899780017,0.8565206899780017,0.0,0.0,0.0,0.0,1.0,0.5,0.10513976728870955,0.0,0.5808164661288867,0.6280181638071289,0.46533743801735206,0.5197399335728418,0.36376762879899416,0.28569023108322755
v7-pilots-utility_restoration-small-low-low-low-grid-private_fragmented-772101-always_act-always_on,utility_restoration,small,low,low,low,grid,private_fragmented,always_on,772101,always_act,15,UTL-07-crew_dispatch,U05,no_operational_action,no_information_action,no_communication_action,execute_autonomously,False,False,0.0,False,False,0.5449861968594415,0.25789822170666377,0.0183874370093086,0.026661783663497467,1.0,0.8384164442206751,0.8384164442206751,0.0,0.0,0.0,0.0,1.0,0.6666666666666666,0.16176329668989275,0.0,0.4692941350114495,0.5449861968594415,0.4275985897989454,0.47699083520255303,0.36222753601429875,0.24246221582693
v7-pilots-utility_restoration-small-low-low-low-grid-private_fragmented-772101-always_act-always_on,utility_restoration,small,low,low,low,grid,private_fragmented,always_on,772101,always_act,15,UTL-08-cyber_defense,U02,no_operational_action,no_information_action,no_communication_action,execute_autonomously,False,False,0.0,False,False,0.3729269781998641,0.48146778240580873,0.0,0.0,1.0,0.6651533894658929,0.6651533894658929,0.0,0.0,0.0,0.0,1.0,0.75,0.018936393654391592,0.0,0.40439517258795377,0.3729269781998641,0.31545913864641884,0.35429699154124916,0.30662933084394295,0.20191955389596195
v7-pilots-utility_restoration-small-low-low-low-grid-private_fragmented-772101-always_act-always_on,utility_restoration,small,low,low,low,grid,private_fragmented,always_on,772101,always_act,15,UTL-09-communications,U07,no_operational_action,no_information_action,no_communication_action,execute_autonomously,False,False,0.0,False,False,0.32520758131528715,0.5218791376877776,0.60484319571979,0.3270226337936954,1.0,0.6021941716841857,0.6021941716841857,0.0,0.0,0.0,0.0,1.0,0.75,-0.11210892068775824,0.0,0.4666560097576845,0.32520758131528715,0.2806315754471613,0.3146826700388011,0.2865871841524206,0.22780083882352387
v7-pilots-utility_restoration-small-low-low-low-grid-private_fragmented-772101-always_act-always_on,utility_restoration,small,low,low,low,grid,private_fragmented,always_on,772101,always_act,15,UTL-10-resource_allocation,U04,no_operational_action,no_information_action,no_communication_action,execute_autonomously,False,False,0.0,False,False,0.3331976129649673,0.5857573565172509,0.0,0.0,1.0,0.6525362935203778,0.6525362935203778,0.0,0.0,0.0,0.0,1.0,0.6666666666666666,-0.020365806275522425,0.0,0.3908871884080889,0.3331976129649673,0.2964131185660814,0.32505230264987095,0.27327633077861957,0.17996199829685752
v7-pilots-utility_restoration-small-low-low-low-grid-private_fragmented-772101-always_act-always_on,utility_restoration,small,low,low,low,grid,private_fragmented,always_on,772101,always_act,15,UTL-11-critical_load,U07,no_operational_action,no_information_action,no_communication_action,execute_autonomously,False,False,0.0,False,False,0.9348617338461405,0.5179436077170497,0.5800110180835764,0.2910159762211857,1.0,0.6742855609022381,0.6742855609022381,0.0,0.0,0.0,0.0,1.0,0.75,-0.12700902027684835,0.0,0.6652968238007724,0.9348617338461405,0.5425160837640157,0.5755377246217998,0.5426419282153789,0.3941832026234616
v7-pilots-utility_restoration-small-low-low-low-grid-private_fragmented-772101-always_act-always_on,utility_restoration,small,low,low,low,grid,private_fragmented,always_on,772101,always_act,18,UTL-00-zone_operator,U00,no_operational_action,no_information_action,no_communication_action,execute_autonomously,False,False,0.0,False,False,0.5353585523980953,0.2886119621354043,0.1186287654049454,0.17201170983717082,0.0,0.8487397701475489,0.8487397701475489,0.0,0.0,0.0,0.0,1.0,0.6666666666666666,0.11986246028094716,0.0,0.2569047181762734,0.5353585523980953,0.42632836349612535,0.4732046464524901,0.35818392534053334,0.25720846651859386
v7-pilots-utility_restoration-small-low-low-low-grid-private_fragmented-772101-always_act-always_on,utility_restoration,small,low,low,low,grid,private_fragmented,always_on,772101,always_act,18,UTL-01-crew_dispatch,U05,no_operational_action,no_information_action,no_communication_action,execute_autonomously,False,False,0.0,False,False,0.4155395632511246,0.42467301962062354,0.026185469722204972,0.037968931097197206,0.0,0.7154636708886218,0.7154636708886218,0.0,0.0,0.0,0.0,1.0,0.6666666666666666,0.018962214972117253,0.0,0.1839959949687097,0.4155395632511246,0.3450817430226053,0.38680817230984244,0.30785994989880566,0.20757401610864523
v7-pilots-utility_restoration-small-low-low-low-grid-private_fragmented-772101-always_act-always_on,utility_restoration,small,low,low,low,grid,private_fragmented,always_on,772101,always_act,18,UTL-02-cyber_defense,U02,no_operational_action,no_information_action,no_communication_action,execute_autonomously,False,False,0.0,False,False,0.3743179710084571,0.4639490782097987,0.06262668011758454,0.09080868617049759,0.0,0.6664206863037045,0.6664206863037045,0.0,0.0,0.0,0.0,1.0,0.75,0.008762659673863693,0.0,0.18266219482379484,0.3743179710084571,0.316332359979309,0.35471300454303756,0.30721354782355204,0.21320607422282772
v7-pilots-utility_restoration-small-low-low-low-grid-private_fragmented-772101-always_act-always_on,utility_restoration,small,low,low,low,grid,private_fragmented,always_on,772101,always_act,18,UTL-03-communications,U01,no_operational_action,no_information_action,no_communication_action,execute_autonomously,False,False,0.0,False,False,0.4939248745552356,0.27943226944474364,0.091135762442342,0.1321468555413959,0.0,0.7633228428427252,0.7633228428427252,0.0,0.0,0.0,0.0,1.0,0.6666666666666666,0.07071141706309447,0.0,0.23324970267871514,0.4939248745552356,0.38840066053277555,0.4386989752305405,0.3407817806465323,0.24082325420710016
v7-pilots-utility_restoration-small-low-low-low-grid-private_fragmented-772101-always_act-always_on,utility_restoration,small,low,low,low,grid,private_fragmented,always_on,772101,always_act,18,UTL-04-resource_allocation,U04,no_operational_action,no_information_action,no_communication_action,execute_autonomously,False,False,0.0,False,False,0.36807903564146804,0.5237602488201359,0.030849787882104747,0.04473219242905188,0.0,0.6861774067445021,0.6861774067445021,0.0,0.0,0.0,0.0,1.0,0.6666666666666666,0.04669824106522147,0.0,0.16948259830107157,0.36807903564146804,0.31877596594271274,0.3526265983097683,0.2879265283027499,0.19509665973776397
v7-pilots-utility_restoration-small-low-low-low-grid-private_fragmented-772101-always_act-always_on,utility_restoration,small,low,low,low,grid,private_fragmented,always_on,772101,always_act,18,UTL-05-critical_load,U01,no_operational_action,no_information_action,no_communication_action,execute_autonomously,False,False,0.0,False,False,0.3499696857509298,0.5095911338940949,0.0,0.0,0.0,0.6428067534034907,0.6428067534034907,0.0,0.0,0.0,0.0,1.0,0.6666666666666666,0.007805967866283847,0.0,0.15258969315531615,0.3499696857509298,0.3006895626512446,0.3360948139721801,0.28032060134872383,0.18465817867692702
v7-pilots-utility_restoration-small-low-low-low-grid-private_fragmented-772101-always_act-always_on,utility_restoration,small,low,low,low,grid,private_fragmented,always_on,772101,always_act,18,UTL-06-zone_operator,U00,no_operational_action,no_information_action,no_communication_action,execute_autonomously,False,False,0.0,False,False,0.25540336724294155,0.6779201108436963,0.035362939078683854,0.05127626166409159,0.0,0.5407703430605398,0.5407703430605398,0.0,0.0,0.0,0.0,1.0,0.6666666666666666,-0.17703253090491433,0.0,0.13274344766198212,0.25540336724294155,0.23735393266231158,0.25750671066981856,0.24060274757536876,0.1643327608943813
v7-pilots-utility_restoration-small-low-low-low-grid-private_fragmented-772101-always_act-always_on,utility_restoration,small,low,low,low,grid,private_fragmented,always_on,772101,always_act,18,UTL-07-crew_dispatch,U03,no_operational_action,no_information_action,no_communication_action,execute_autonomously,False,False,0.0,False,False,0.3887521586375764,0.49384225553842986,0.0005545412189594915,0.0008040847674912626,0.0,0.7050679738019181,0.7050679738019181,0.0,0.0,0.0,0.0,1.0,0.5,-0.04465736348257876,0.0,0.16596871428097387,0.3887521586375764,0.3317678569055101,0.36848110039511434,0.2632759066277821,0.17394709459062035
v7-pilots-utility_restoration-small-low-low-low-grid-private_fragmented-772101-always_act-always_on,utility_restoration,small,low,low,low,grid,private_fragmented,always_on,772101,always_act,18,UTL-08-cyber_defense,U00,no_operational_action,no_information_action,no_communication_action,execute_autonomously,False,False,0.0,False,False,0.38359358523390885,0.5154162041082904,0.0,0.0,0.0,0.7089995251067357,0.7089995251067357,0.0,0.0,0.0,0.0,1.0,0.6666666666666666,0.0576661605558223,0.0,0.164021818979529,0.38359358523390885,0.3306873153702475,0.3653544534059233,0.29444263913157503,0.19407287053216116
v7-pilots-utility_restoration-small-low-low-low-grid-private_fragmented-772101-always_act-always_on,utility_restoration,small,low,low,low,grid,private_fragmented,always_on,772101,always_act,18,UTL-09-communications,U05,no_operational_action,no_information_action,no_communication_action,execute_autonomously,False,False,0.0,False,False,0.325259730574301,0.5543407214107567,0.09990076807820167,0.1448561137133924,0.0,0.6263619285861538,0.6263619285861538,0.0,0.0,0.0,0.0,1.0,0.6666666666666666,-0.0701776052786729,0.0,0.17895377568647652,0.325259730574301,0.2866943743762589,0.3169442353570901,0.26994242017453973,0.19512212487307806
v7-pilots-utility_restoration-small-low-low-low-grid-private_fragmented-772101-always_act-always_on,utility_restoration,small,low,low,low,grid,private_fragmented,always_on,772101,always_act,18,UTL-10-resource_allocation,U02,no_operational_action,no_information_action,no_communication_action,execute_autonomously,False,False,0.0,False,False,0.4001546866911049,0.4285005800120077,0.0,0.0,0.0,0.6844600609456742,0.6844600609456742,0.0,0.0,0.0,0.0,1.0,0.75,-0.08574613176955237,0.0,0.16965259347497566,0.4001546866911049,0.33117688991286054,0.37349014077194453,0.3180649684102641,0.20954331227350936
v7-pilots-utility_restoration-small-low-low-low-grid-private_fragmented-772101-always_act-always_on,utility_restoration,small,low,low,low,grid,private_fragmented,always_on,772101,always_act,18,UTL-11-critical_load,U01,no_operational_action,no_information_action,no_communication_action,execute_autonomously,False,False,0.0,False,False,0.3242212662373658,0.5664326694856583,0.021048848481453962,0.030520830298108245,0.0,0.6253395816995613,0.6253395816995613,0.0,0.0,0.0,0.0,1.0,0.6666666666666666,-0.022947741342509653,0.0,0.15116022979225036,0.3242212662373658,0.28602340191983666,0.31629261664568054,0.269506265153027,0.18111112084890207
v7-pilots-utility_restoration-small-low-low-low-grid-private_fragmented-772101-always_act-always_on,utility_restoration,small,low,low,low,grid,private_fragmented,always_on,772101,always_act,21,UTL-00-zone_operator,U02,no_operational_action,no_information_action,no_communication_action,execute_autonomously,False,False,0.0,False,False,0.3876955774351295,0.5190843219405231,0.0,0.0,0.0,0.7171530522088839,0.7171530522088839,0.0,0.0,0.0,0.0,1.0,0.75,0.022315666955265878,0.0,0.16541649632794403,0.3876955774351295,0.33436649402627283,0.3689226846499656,0.3128321425227544,0.20605476168183628
v7-pilots-utility_restoration-small-low-low-low-grid-private_fragmented-772101-always_act-always_on,utility_restoration,small,low,low,low,grid,private_fragmented,always_on,772101,always_act,21,UTL-01-crew_dispatch,U07,no_operational_action,no_information_action,no_communication_action,execute_autonomously,False,False,0.0,False,False,0.48922635662189295,0.3906023442727178,0.0,0.0,0.0,0.8200104459241757,0.8200104459241757,0.0,0.0,0.0,0.0,1.0,0.75,-0.022138238167460744,0.0,0.1999369612514436,0.48922635662189295,0.4006931541298011,0.4438175426407395,0.35547506978119503,0.23448337985413004
v7-pilots-utility_restoration-small-low-low-low-grid-private_fragmented-772101-always_act-always_on,utility_restoration,small,low,low,low,grid,private_fragmented,always_on,772101,always_act,21,UTL-02-cyber_defense,U04,no_operational_action,no_information_action,no_communication_action,execute_autonomously,False,False,0.0,False,False,0.3737461117221964,0.5002100373698467,0.016553219710282577,0.024002168579909736,0.0,0.6711054857106485,0.6711054857106485,0.0,0.0,0.0,0.0,1.0,0.6666666666666666,-0.013310656687449796,0.0,0.1664341984447251,0.3737461117221964,0.31727481611654074,0.35531207328514125,0.29030670025665584,0.19419583817847083
v7-pilots-utility_restoration-small-low-low-low-grid-private_fragmented-772101-always_act-always_on,utility_restoration,small,low,low,low,grid,private_fragmented,always_on,772101,always_act,21,UTL-03-communications,U07,no_operational_action,no_information_action,no_communication_action,execute_autonomously,False,False,0.0,False,False,0.459116323518969,0.3617066571137638,0.03564389973408422,0.05168365461442212,0.0,0.7421769961186091,0.7421769961186091,0.0,0.0,0.0,0.0,1.0,0.75,0.076307256062073,0.0,0.20210362710391078,0.459116323518969,0.3691907784372399,0.41710755841290625,0.342828855877967,0.232254609139042
v7-pilots-utility_restoration-small-low-low-low-grid-private_fragmented-772101-always_act-always_on,utility_restoration,small,low,low,low,grid,private_fragmented,always_on,772101,always_act,21,UTL-04-resource_allocation,U06,isolate_component,request_peer_evidence,negotiate_commitment,execute_autonomously,True,False,0.0,False,False,0.3635179265394426,0.5164056141522875,0.11249680214945086,0.07754614697498176,0.0,0.6779782110843764,0.6779782110843764,0.0,0.0,0.0,0.0,1.0,0.5,-0.04565362688782337,0.0,0.17580717029740608,0.3635179265394426,0.31490172338687117,0.3486580294254303,0.2526775291465659,0.17609055706804175
v7-pilots-utility_restoration-small-low-low-low-grid-private_fragmented-772101-always_act-always_on,utility_restoration,small,low,low,low,grid,private_fragmented,always_on,772101,always_act,21,UTL-05-critical_load,U03,no_operational_action,no_information_action,no_communication_action,execute_autonomously,False,False,0.0,False,False,0.3749651060995377,0.49914199858694785,0.0,0.0,0.0,0.6933025061010785,0.6933025061010785,0.0,0.0,0.0,0.0,1.0,0.5,-0.0010342969166252658,0.0,0.1610881360738428,0.3749651060995377,0.3233116689650847,0.35787633886065384,0.25748534456180583,0.1699902297078706
v7-pilots-utility_restoration-small-low-low-low-grid-private_fragmented-772101-always_act-always_on,utility_restoration,small,low,low,low,grid,private_fragmented,always_on,772101,always_act,21,UTL-06-zone_operator,U06,isolate_component,request_peer_evidence,send_targeted_summary,execute_autonomously,True,False,0.0,False,False,0.4595997253608406,0.37324379964626586,0.7727705305965947,0.37272382571602075,0.0,0.7555474726331606,0.7555474726331606,0.0,0.0,0.0,0.0,1.0,0.5,-0.1009732173448411,0.0,0.27931762479453076,0.4595997253608406,0.37272675830262636,0.41845385720864825,0.29303188465155305,0.23841478218695789
v7-pilots-utility_restoration-small-low-low-low-grid-private_fragmented-772101-always_act-always_on,utility_restoration,small,low,low,low,grid,private_fragmented,always_on,772101,always_act,21,UTL-07-crew_dispatch,U05,no_operational_action,no_information_action,no_communication_action,execute_autonomously,False,False,0.0,False,False,0.43007635536638544,0.45650950078313146,0.0448103255379968,0.06497497203009536,0.0,0.7610370354861947,0.7610370354861947,0.0,0.0,0.0,0.0,1.0,0.6666666666666666,-0.07737940873448035,0.0,0.19541995411179394,0.43007635536638544,0.3622898010181029,0.4010552778847435,0.31396540258721517,0.21488504281286605
v7-pilots-utility_restoration-small-low-low-low-grid-private_fragmented-772101-always_act-always_on,utility_restoration,small,low,low,low,grid,private_fragmented,always_on,772101,always_act,21,UTL-08-cyber_defense,U02,no_operational_action,no_information_action,no_communication_action,execute_autonomously,False,False,0.0,False,False,0.305193343477405,0.5486187592190616,0.0,0.0,0.0,0.569381245826892,0.569381245826892,0.0,0.0,0.0,0.0,1.0,0.75,-0.09577214363900088,0.0,0.1373657367823177,0.305193343477405,0.264422648847685,0.29775827747094447,0.27818120426051013,0.1829541361736734
v7-pilots-utility_restoration-small-low-low-low-grid-private_fragmented-772101-always_act-always_on,utility_restoration,small,low,low,low,grid,private_fragmented,always_on,772101,always_act,21,UTL-09-communications,U07,no_operational_action,no_information_action,no_communication_action,execute_autonomously,False,False,0.0,False,False,0.47573723249703637,0.35612414561043426,0.026757106363701676,0.03879780422736743,0.0,0.7649092598875502,0.7649092598875502,0.0,0.0,0.0,0.0,1.0,0.75,0.16271508820336456,0.0,0.20466213206356057,0.47573723249703637,0.38152220797070213,0.4291323179183067,0.3498096376487553,0.2353621616064543
v7-pilots-utility_restoration-small-low-low-low-grid-private_fragmented-772101-always_act-always_on,utility_restoration,small,low,low,low,grid,private_fragmented,always_on,772101,always_act,21,UTL-10-resource_allocation,U04,no_operational_action,no_information_action,no_communication_action,execute_autonomously,False,False,0.0,False,False,0.3664030596394239,0.4851090705895831,0.026496458645761705,0.03841986503635447,0.0,0.6719936654167392,0.6719936654167392,0.0,0.0,0.0,0.0,1.0,0.6666666666666666,0.01945737189636143,0.0,0.16739780788612918,0.3664030596394239,0.31455964020995436,0.3497317334779819,0.28722261838189134,0.1938699071700679
v7-pilots-utility_restoration-small-low-low-low-grid-private_fragmented-772101-always_act-always_on,utility_restoration,small,low,low,low,grid,private_fragmented,always_on,772101,always_act,21,UTL-11-critical_load,U07,no_operational_action,no_information_action,no_communication_action,execute_autonomously,False,False,0.0,False,False,0.4163574219031313,0.43346270606215487,0.0,0.0,0.0,0.723300063193518,0.723300063193518,0.0,0.0,0.0,0.0,1.0,0.75,0.049014502291279904,0.0,0.17516152344706465,0.4163574219031313,0.347367984559632,0.3883043659513232,0.32487011719931513,0.21408007813287677
v7-pilots-utility_restoration-small-low-low-low-grid-private_fragmented-772101-always_act-always_on,utility_restoration,small,low,low,low,grid,private_fragmented,always_on,772101,always_act,24,UTL-00-zone_operator,U00,no_operational_action,no_information_action,no_communication_action,execute_autonomously,False,False,0.0,False,False,0.4090712202997143,0.4972561483605569,0.0,0.0,0.0,0.7420353462072392,0.7420353462072392,0.0,0.0,0.0,0.0,1.0,0.6666666666666666,-0.10670442394030966,0.0,0.17268421490190286,0.4090712202997143,0.34913732467169556,0.3855736446049177,0.3051432458592134,0.20120660835058668
v7-pilots-utility_restoration-small-low-low-low-grid-private_fragmented-772101-always_act-always_on,utility_restoration,small,low,low,low,grid,private_fragmented,always_on,772101,always_act,24,UTL-01-crew_dispatch,U05,no_operational_action,no_information_action,no_communication_action,execute_autonomously,False,False,0.0,False,False,0.36615087582980443,0.5454199699665006,0.0,0.0,0.0,0.693092193056535,0.693092193056535,0.0,0.0,0.0,0.0,1.0,0.6666666666666666,-0.022371477832086817,0.0,0.15809129778213352,0.36615087582980443,0.31973339859605554,0.35194842623041245,0.2871167011818512,0.18918891189901194
v7-pilots-utility_restoration-small-low-low-low-grid-private_fragmented-772101-always_act-always_on,utility_restoration,small,low,low,low,grid,private_fragmented,always_on,772101,always_act,24,UTL-02-cyber_defense,U02,no_operational_action,no_information_action,no_communication_action,execute_autonomously,False,False,0.0,False,False,0.40850956143353023,0.47302690192637625,0.004654855705165185,0.006749540772489519,0.0,0.7333084143950054,0.7333084143950054,0.0,0.0,0.0,0.0,1.0,0.75,0.06688772809130084,0.0,0.17411314067279776,0.40850956143353023,0.34673092817216344,0.38426282540557893,0.3215740158020827,0.21269262209408724
v7-pilots-utility_restoration-small-low-low-low-grid-private_fragmented-772101-always_act-always_on,utility_restoration,small,low,low,low,grid,private_fragmented,always_on,772101,always_act,24,UTL-03-communications,U01,no_operational_action,no_information_action,no_communication_action,execute_autonomously,False,False,0.0,False,False,0.3930505030023237,0.4927291689630918,0.0023609757132471137,0.003423414784208315,0.0,0.7204388033201258,0.7204388033201258,0.0,0.0,0.0,0.0,1.0,0.6666666666666666,-0.04288403952259945,0.0,0.16805879056900005,0.3930505030023237,0.3373299020309609,0.3727697982822763,0.2984145445943093,0.1971316172814223
v7-pilots-utility_restoration-small-low-low-low-grid-private_fragmented-772101-always_act-always_on,utility_restoration,small,low,low,low,grid,private_fragmented,always_on,772101,always_act,24,UTL-04-resource_allocation,U04,no_operational_action,no_information_action,no_communication_action,execute_autonomously,False,False,0.0,False,False,0.35610416861690264,0.4755970675076918,0.039581546832012246,0.05739324290641776,0.0,0.6399846484114321,0.6399846484114321,0.0,0.0,0.0,0.0,1.0,0.6666666666666666,-0.046192758333070016,0.0,0.16844979562728715,0.35610416861690264,0.30243782954961906,0.3394527630577421,0.2828970841524324,0.19326302302816956
v7-pilots-utility_restoration-small-low-low-low-grid-private_fragmented-772101-always_act-always_on,utility_restoration,small,low,low,low,grid,private_fragmented,always_on,772101,always_act,24,UTL-05-critical_load,U01,no_operational_action,no_information_action,no_communication_action,execute_autonomously,False,False,0.0,False,False,0.3273085746914369,0.5597686525856364,0.021734693203800795,0.03151530514551115,0.0,0.6360158615638344,0.6360158615638344,0.0,0.0,0.0,0.0,1.0,0.6666666666666666,-0.00679089183965631,0.0,0.15244858863001123,0.3273085746914369,0.28992739526753336,0.3192626677700617,0.27080293470373684,0.18209490419773036
v7-pilots-utility_restoration-small-low-low-low-grid-private_fragmented-772101-always_act-always_on,utility_restoration,small,low,low,low,grid,private_fragmented,always_on,772101,always_act,24,UTL-06-zone_operator,U00,no_operational_action,no_information_action,no_communication_action,execute_autonomously,False,False,0.0,False,False,0.33383095300384746,0.5642084311803836,0.007684804140119358,0.011142966003173068,0.0,0.6490436510022545,0.6490436510022545,0.0,0.0,0.0,0.0,1.0,0.6666666666666666,0.10827330794171464,0.0,0.1497768358620697,0.33383095300384746,0.29579329395210263,0.3251557870466668,0.2735423335949493,0.18147648942812472
v7-pilots-utility_restoration-small-low-low-low-grid-private_fragmented-772101-always_act-always_on,utility_restoration,small,low,low,low,grid,private_fragmented,always_on,772101,always_act,24,UTL-07-crew_dispatch,U03,no_operational_action,no_information_action,no_communication_action,execute_autonomously,False,False,0.0,False,False,0.4009540407447485,0.48105276028976124,0.0,0.0,0.0,0.7195143420458555,0.7195143420458555,0.0,0.0,0.0,0.0,1.0,0.5,0.014446368243937413,0.0,0.1699243738532145,0.4009540407447485,0.3402602018093633,0.37797858997051437,0.26840069711279435,0.1772671314085296
v7-pilots-utility_restoration-small-low-low-low-grid-private_fragmented-772101-always_act-always_on,utility_restoration,small,low,low,low,grid,private_fragmented,always_on,772101,always_act,24,UTL-08-cyber_defense,U00,no_operational_action,no_information_action,no_communication_action,execute_autonomously,False,False,0.0,False,False,0.32604806162499245,0.5813044518026034,0.146093093001092,0.2118349848515834,0.0,0.6340028169313844,0.6340028169313844,0.0,0.0,0.0,0.0,1.0,0.6666666666666666,-0.07499670817535131,0.0,0.19529673731687744,0.32604806162499245,0.28891992888284307,0.31830731913331645,0.27027351921583015,0.20338032210385457
v7-pilots-utility_restoration-small-low-low-low-grid-private_fragmented-772101-always_act-always_on,utility_restoration,small,low,low,low,grid,private_fragmented,always_on,772101,always_act,24,UTL-09-communications,U05,no_operational_action,no_information_action,no_communication_action,execute_autonomously,False,False,0.0,False,False,0.2851412296957696,0.5898834790393462,0.12211062098659509,0.17706040043056287,0.0,0.5593721884153156,0.5593721884153156,0.0,0.0,0.0,0.0,1.0,0.6666666666666666,-0.06698974017083825,0.0,0.17304251419989675,0.2851412296957696,0.25389953898213674,0.281759709254058,0.25309264980555657,0.18775345903314972
v7-pilots-utility_restoration-small-low-low-low-grid-private_fragmented-772101-always_act-always_on,utility_restoration,small,low,low,low,grid,private_fragmented,always_on,772101,always_act,24,UTL-10-resource_allocation,U02,no_operational_action,no_information_action,no_communication_action,execute_autonomously,False,False,0.0,False,False,0.38242605998447987,0.46835267211883763,0.07613132524818006,0.1103904216098611,0.0,0.6766763318520237,0.6766763318520237,0.0,0.0,0.0,0.0,1.0,0.75,-0.007783729093650549,0.0,0.1901185615810898,0.38242605998447987,0.3221395069567979,0.361295617735386,0.31061894519348154,0.2178261473888377
v7-pilots-utility_restoration-small-low-low-low-grid-private_fragmented-772101-always_act-always_on,utility_restoration,small,low,low,low,grid,private_fragmented,always_on,772101,always_act,24,UTL-11-critical_load,U01,no_operational_action,no_information_action,no_communication_action,execute_autonomously,False,False,0.0,False,False,0.34067394861080136,0.5482028568255463,0.0,0.0,0.0,0.6323301060738838,0.6323301060738838,0.0,0.0,0.0,0.0,1.0,0.6666666666666666,0.006990524374322571,0.0,0.14942914252767248,0.34067394861080136,0.2943521059627915,0.3289810208046442,0.27641639174986987,0.18205537227769106
v7-pilots-utility_restoration-small-low-low-low-grid-private_fragmented-772101-always_act-always_on,utility_restoration,small,low,low,low,grid,private_fragmented,always_on,772101,always_act,27,UTL-00-zone_operator,U02,no_operational_action,no_information_action,no_communication_action,execute_autonomously,False,False,0.0,False,False,0.38405457395968545,0.4732187421965792,0.0,0.0,0.0,0.6969420867718756,0.6969420867718756,0.0,0.0,0.0,0.0,1.0,0.75,-0.020210965437008288,0.0,0.16417855514629306,0.38405457395968545,0.3278573512768431,0.36425353621098766,0.3113029210630679,0.20503528070871194
v7-pilots-utility_restoration-small-low-low-low-grid-private_fragmented-772101-always_act-always_on,utility_restoration,small,low,low,low,grid,private_fragmented,always_on,772101,always_act,27,UTL-01-crew_dispatch,U07,no_operational_action,no_information_action,no_communication_action,execute_autonomously,False,False,0.0,False,False,0.5597373921653519,0.15937723597535902,0.10022397029445457,0.14532475692695912,0.0,0.8138684885363415,0.8138684885363415,0.0,0.0,0.0,0.0,1.0,0.75,-0.006141957387834185,0.0,0.25878865499868986,0.5597373921653519,0.42736207900022616,0.478596389155452,0.3850897047094478,0.2716654406375336
v7-pilots-utility_restoration-small-low-low-low-grid-private_fragmented-772101-always_act-always_on,utility_restoration,small,low,low,low,grid,private_fragmented,always_on,772101,always_act,27,UTL-02-cyber_defense,U04,no_operational_action,no_information_action,no_communication_action,execute_autonomously,False,False,0.0,False,False,0.40123686659751157,0.4665252684700909,0.05166596446693201,0.07491564847705141,0.0,0.720161488992995,0.720161488992995,0.0,0.0,0.0,0.0,1.0,0.6666666666666666,0.049056003282346494,0.0,0.18800029027764625,0.40123686659751157,0.3405351188872534,0.378111834271025,0.30185281730428815,0.20800286713121607
v7-pilots-utility_restoration-small-low-low-low-grid-private_fragmented-772101-always_act-always_on,utility_restoration,small,low,low,low,grid,private_fragmented,always_on,772101,always_act,27,UTL-03-communications,U07,no_operational_action,no_information_action,no_communication_action,execute_autonomously,False,False,0.0,False,False,0.3754395954349433,0.4547722620628643,0.0,0.0,0.0,0.649621670381331,0.649621670381331,0.0,0.0,0.0,0.0,1.0,0.75,-0.0925553257372781,0.0,0.16124946244788071,0.3754395954349433,0.31258125576931006,0.35385188062559636,0.3076846300826762,0.20262308672178414
v7-pilots-utility_restoration-small-low-low-low-grid-private_fragmented-772101-always_act-always_on,utility_restoration,small,low,low,low,grid,private_fragmented,always_on,772101,always_act,27,UTL-04-resource_allocation,U06,isolate_component,request_peer_evidence,negotiate_commitment,execute_autonomously,True,False,0.0,False,False,0.37803271118517356,0.5244193814303931,0.5504272904400481,0.23886657059351635,0.0,0.7068259335230092,0.7068259335230092,0.0,0.0,0.0,0.0,1.0,0.5,0.02884772243863276,0.0,0.21945909874540295,0.37803271118517356,0.32791956785482174,0.3613754421669779,0.25877373869777287,0.19951314760307062
v7-pilots-utility_restoration-small-low-low-low-grid-private_fragmented-772101-always_act-always_on,utility_restoration,small,low,low,low,grid,private_fragmented,always_on,772101,always_act,27,UTL-05-critical_load,U03,no_operational_action,no_information_action,no_communication_action,execute_autonomously,False,False,0.0,False,False,0.36528299724618074,0.48276837890132485,0.01305769053631108,0.018933651277651065,0.0,0.65281866469004,0.65281866469004,0.0,0.0,0.0,0.0,1.0,0.5,-0.040483841411038446,0.0,0.1623402953703377,0.36528299724618074,0.3093178650709823,0.3475020204154401,0.2534188588433959,0.16955127738224873
v7-pilots-utility_restoration-small-low-low-low-grid-private_fragmented-772101-always_act-always_on,utility_restoration,small,low,low,low,grid,private_fragmented,always_on,772101,always_act,27,UTL-06-zone_operator,U06,isolate_component,request_peer_evidence,send_targeted_summary,execute_autonomously,True,False,0.0,False,False,0.37468846734829087,0.5048274939853323,0.6538085166752511,0.28620464176869564,0.0,0.6819051390173076,0.6819051390173076,0.0,0.0,0.0,0.0,1.0,0.5,-0.07364233361585293,0.0,0.22968319292290587,0.37468846734829087,0.32035167169364326,0.35686579559445897,0.25736915628628215,0.20425732786976494
v7-pilots-utility_restoration-small-low-low-low-grid-private_fragmented-772101-always_act-always_on,utility_restoration,small,low,low,low,grid,private_fragmented,always_on,772101,always_act,27,UTL-07-crew_dispatch,U05,no_operational_action,no_information_action,no_communication_action,execute_autonomously,False,False,0.0,False,False,0.3803408610903286,0.49631348777962814,0.0,0.0,0.0,0.6847685549718535,0.6847685549718535,0.0,0.0,0.0,0.0,1.0,0.6666666666666666,-0.07626848051434121,0.0,0.16291589277071172,0.3803408610903286,0.3233284831790948,0.36102585746912247,0.2930764949912713,0.1931621077719587
v7-pilots-utility_restoration-small-low-low-low-grid-private_fragmented-772101-always_act-always_on,utility_restoration,small,low,low,low,grid,private_fragmented,always_on,772101,always_act,27,UTL-08-cyber_defense,U02,no_operational_action,no_information_action,no_communication_action,execute_autonomously,False,False,0.0,False,False,0.3508166319054006,0.5437627103373168,0.0,0.0,0.0,0.6662372458967889,0.6662372458967889,0.0,0.0,0.0,0.0,1.0,0.75,0.09685600006989692,0.0,0.1528776548478362,0.3508166319054006,0.3068859642363575,0.33882609123668156,0.29734298540026827,0.19572865693351216
v7-pilots-utility_restoration-small-low-low-low-grid-private_fragmented-772101-always_act-always_on,utility_restoration,small,low,low,low,grid,private_fragmented,always_on,772101,always_act,27,UTL-09-communications,U07,no_operational_action,no_information_action,no_communication_action,execute_autonomously,False,False,0.0,False,False,0.42218089650762003,0.43914278104194215,0.009534749466547917,0.01382538672649448,0.0,0.7367696852091293,0.7367696852091293,0.0,0.0,0.0,0.0,1.0,0.75,-0.028139574678420876,0.0,0.1804595976269495,0.42218089650762003,0.35306477990533036,0.39344209795975915,0.32731597653320044,0.21736969742931295
v7-pilots-utility_restoration-small-low-low-low-grid-private_fragmented-772101-always_act-always_on,utility_restoration,small,low,low,low,grid,private_fragmented,always_on,772101,always_act,27,UTL-10-resource_allocation,U04,no_operational_action,no_information_action,no_communication_action,execute_autonomously,False,False,0.0,False,False,0.3847477024213284,0.4934311166202255,0.20374105989909894,0.29542453685369346,0.0,0.692918209832698,0.692918209832698,0.0,0.0,0.0,0.0,1.0,0.6666666666666666,0.020924544415958812,0.0,0.2353161076681381,0.3847477024213284,0.32712863342670584,0.3646552549540355,0.2949273683502912,0.22984696776708186
v7-pilots-utility_restoration-small-low-low-low-grid-private_fragmented-772101-always_act-always_on,utility_restoration,small,low,low,low,grid,private_fragmented,always_on,772101,always_act,27,UTL-11-critical_load,U07,no_operational_action,no_information_action,no_communication_action,execute_autonomously,False,False,0.0,False,False,0.3437001378141834,0.534612152737724,0.0,0.0,0.0,0.6515309523708617,0.6515309523708617,0.0,0.0,0.0,0.0,1.0,0.75,-0.07176911082265636,0.0,0.15045804685682238,0.3437001378141834,0.30036279321838877,0.33237008270402296,0.294354057881957,0.19373603858797137
