sender,recipient,messages
UTL-00-zone_operator,UTL-01-crew_dispatch,217
UTL-00-zone_operator,UTL-02-cyber_defense,215
UTL-00-zone_operator,UTL-03-communications,217
UTL-00-zone_operator,UTL-04-resource_allocation,217
UTL-00-zone_operator,UTL-05-critical_load,221
UTL-00-zone_operator,UTL-08-cyber_defense,220
UTL-00-zone_operator,UTL-09-communications,217
UTL-00-zone_operator,UTL-10-resource_allocation,220
UTL-00-zone_operator,UTL-11-critical_load,217
UTL-00-zone_operator,UTL-12-zone_operator,217
UTL-00-zone_operator,UTL-13-crew_dispatch,218
UTL-00-zone_operator,UTL-14-cyber_defense,220
UTL-00-zone_operator,UTL-15-communications,218
UTL-00-zone_operator,UTL-16-resource_allocation,219
UTL-00-zone_operator,UTL-17-critical_load,218
UTL-00-zone_operator,UTL-21-communications,220
UTL-00-zone_operator,UTL-22-resource_allocation,222
UTL-01-crew_dispatch,UTL-00-zone_operator,187
UTL-01-crew_dispatch,UTL-04-resource_allocation,183
UTL-01-crew_dispatch,UTL-05-critical_load,186
UTL-01-crew_dispatch,UTL-11-critical_load,183
UTL-01-crew_dispatch,UTL-15-communications,189
UTL-01-crew_dispatch,UTL-22-resource_allocation,188
UTL-01-crew_dispatch,UTL-23-critical_load,182
UTL-01-crew_dispatch,UTL-27-communications,184
UTL-02-cyber_defense,UTL-00-zone_operator,203
UTL-02-cyber_defense,UTL-04-resource_allocation,205
UTL-02-cyber_defense,UTL-05-critical_load,207
UTL-02-cyber_defense,UTL-06-zone_operator,203
UTL-02-cyber_defense,UTL-07-crew_dispatch,201
UTL-02-cyber_defense,UTL-08-cyber_defense,205
UTL-02-cyber_defense,UTL-09-communications,203
UTL-02-cyber_defense,UTL-14-cyber_defense,207
UTL-02-cyber_defense,UTL-18-zone_operator,203
UTL-02-cyber_defense,UTL-19-crew_dispatch,206
UTL-02-cyber_defense,UTL-25-crew_dispatch,201
UTL-03-communications,UTL-00-zone_operator,135
UTL-03-communications,UTL-12-zone_operator,131
UTL-04-resource_allocation,UTL-00-zone_operator,205
UTL-04-resource_allocation,UTL-01-crew_dispatch,205
UTL-04-resource_allocation,UTL-02-cyber_defense,202
UTL-04-resource_allocation,UTL-06-zone_operator,203
UTL-04-resource_allocation,UTL-09-communications,204
UTL-04-resource_allocation,UTL-10-resource_allocation,206
UTL-04-resource_allocation,UTL-11-critical_load,205
UTL-04-resource_allocation,UTL-13-crew_dispatch,205
UTL-04-resource_allocation,UTL-16-resource_allocation,206
UTL-04-resource_allocation,UTL-20-cyber_defense,205
UTL-04-resource_allocation,UTL-23-critical_load,203
UTL-05-critical_load,UTL-00-zone_operator,207
UTL-05-critical_load,UTL-01-crew_dispatch,207
UTL-05-critical_load,UTL-02-cyber_defense,205
UTL-05-critical_load,UTL-06-zone_operator,206
UTL-05-critical_load,UTL-07-crew_dispatch,204
UTL-05-critical_load,UTL-08-cyber_defense,209
UTL-05-critical_load,UTL-15-communications,208
UTL-05-critical_load,UTL-18-zone_operator,207
UTL-05-critical_load,UTL-24-zone_operator,207
UTL-05-critical_load,UTL-25-crew_dispatch,205
UTL-06-zone_operator,UTL-02-cyber_defense,157
UTL-06-zone_operator,UTL-04-resource_allocation,154
UTL-06-zone_operator,UTL-05-critical_load,157
UTL-06-zone_operator,UTL-07-crew_dispatch,151
UTL-06-zone_operator,UTL-10-resource_allocation,158
UTL-06-zone_operator,UTL-21-communications,158
UTL-07-crew_dispatch,UTL-02-cyber_defense,126
UTL-07-crew_dispatch,UTL-05-critical_load,127
UTL-07-crew_dispatch,UTL-06-zone_operator,123
UTL-07-crew_dispatch,UTL-19-crew_dispatch,127
UTL-08-cyber_defense,UTL-00-zone_operator,202
UTL-08-cyber_defense,UTL-02-cyber_defense,197
UTL-08-cyber_defense,UTL-05-critical_load,202
UTL-08-cyber_defense,UTL-12-zone_operator,199
UTL-08-cyber_defense,UTL-14-cyber_defense,202
UTL-08-cyber_defense,UTL-16-resource_allocation,201
UTL-08-cyber_defense,UTL-18-zone_operator,199
UTL-08-cyber_defense,UTL-26-cyber_defense,203
UTL-09-communications,UTL-00-zone_operator,175
UTL-09-communications,UTL-02-cyber_defense,171
UTL-09-communications,UTL-04-resource_allocation,176
UTL-09-communications,UTL-13-crew_dispatch,174
UTL-09-communications,UTL-17-critical_load,178
UTL-09-communications,UTL-19-crew_dispatch,178
UTL-10-resource_allocation,UTL-00-zone_operator,162
UTL-10-resource_allocation,UTL-04-resource_allocation,159
UTL-10-resource_allocation,UTL-06-zone_operator,158
UTL-11-critical_load,UTL-00-zone_operator,148
UTL-11-critical_load,UTL-01-crew_dispatch,148
UTL-11-critical_load,UTL-04-resource_allocation,148
UTL-11-critical_load,UTL-21-communications,150
UTL-12-zone_operator,UTL-00-zone_operator,151
UTL-12-zone_operator,UTL-03-communications,150
UTL-12-zone_operator,UTL-08-cyber_defense,152
UTL-12-zone_operator,UTL-17-critical_load,152
UTL-12-zone_operator,UTL-20-cyber_defense,152
UTL-13-crew_dispatch,UTL-00-zone_operator,150
UTL-13-crew_dispatch,UTL-04-resource_allocation,153
UTL-13-crew_dispatch,UTL-09-communications,150
UTL-14-cyber_defense,UTL-00-zone_operator,177
UTL-14-cyber_defense,UTL-02-cyber_defense,176
UTL-14-cyber_defense,UTL-08-cyber_defense,180
UTL-14-cyber_defense,UTL-25-crew_dispatch,176
UTL-14-cyber_defense,UTL-26-cyber_defense,181
UTL-15-communications,UTL-00-zone_operator,182
UTL-15-communications,UTL-01-crew_dispatch,183
UTL-15-communications,UTL-05-critical_load,185
UTL-16-resource_allocation,UTL-00-zone_operator,156
UTL-16-resource_allocation,UTL-04-resource_allocation,155
UTL-16-resource_allocation,UTL-08-cyber_defense,157
UTL-16-resource_allocation,UTL-20-cyber_defense,156
UTL-16-resource_allocation,UTL-26-cyber_defense,160
UTL-16-resource_allocation,UTL-27-communications,157
UTL-17-critical_load,UTL-00-zone_operator,151
UTL-17-critical_load,UTL-09-communications,147
UTL-17-critical_load,UTL-12-zone_operator,147
UTL-17-critical_load,UTL-23-critical_load,146
UTL-18-zone_operator,UTL-02-cyber_defense,131
UTL-18-zone_operator,UTL-05-critical_load,132
UTL-18-zone_operator,UTL-08-cyber_defense,131
UTL-18-zone_operator,UTL-24-zone_operator,129
UTL-19-crew_dispatch,UTL-02-cyber_defense,83
UTL-19-crew_dispatch,UTL-07-crew_dispatch,83
UTL-19-crew_dispatch,UTL-09-communications,89
UTL-20-cyber_defense,UTL-04-resource_allocation,160
UTL-20-cyber_defense,UTL-12-zone_operator,160
UTL-20-cyber_defense,UTL-16-resource_allocation,162
UTL-20-cyber_defense,UTL-22-resource_allocation,163
UTL-20-cyber_defense,UTL-24-zone_operator,159
UTL-21-communications,UTL-00-zone_operator,106
UTL-21-communications,UTL-06-zone_operator,108
UTL-21-communications,UTL-11-critical_load,106
UTL-22-resource_allocation,UTL-00-zone_operator,123
UTL-22-resource_allocation,UTL-01-crew_dispatch,116
UTL-22-resource_allocation,UTL-20-cyber_defense,115
UTL-22-resource_allocation,UTL-27-communications,117
UTL-23-critical_load,UTL-01-crew_dispatch,112
UTL-23-critical_load,UTL-04-resource_allocation,111
UTL-23-critical_load,UTL-17-critical_load,112
UTL-24-zone_operator,UTL-05-critical_load,129
UTL-24-zone_operator,UTL-18-zone_operator,125
UTL-24-zone_operator,UTL-20-cyber_defense,127
UTL-25-crew_dispatch,UTL-02-cyber_defense,115
UTL-25-crew_dispatch,UTL-05-critical_load,124
UTL-25-crew_dispatch,UTL-14-cyber_defense,121
UTL-26-cyber_defense,UTL-08-cyber_defense,93
UTL-26-cyber_defense,UTL-14-cyber_defense,90
UTL-26-cyber_defense,UTL-16-resource_allocation,90
UTL-27-communications,UTL-01-crew_dispatch,76
UTL-27-communications,UTL-16-resource_allocation,80
UTL-27-communications,UTL-22-resource_allocation,81
