abstentions,accepted_physical_actions,accepted_typed_actions,agents,application,autonomous_executions,beneficial_actions,cluster_id,conservation_feasible,controller,coverage_target,environment_seed,escalation_attempts,escalation_slots_per_epoch,escalations,event_count,event_ledger_digest,event_ledger_path,event_ledger_sha256,final_service_deficit,harmful_actions,horizon,incidents,information_condition,maximum_conservation_residual,maximum_queue_length,neutral_actions,operational_bytes,operational_messages,operator_minutes,operator_queue_unserved,regime,run_id,scenario_family,service_loss,service_reaching_actions,sketch_bytes,sketch_latency,sketch_messages,sketch_policy,stage,status,stochastic_tape_digest,topology_family,total_bytes,total_messages,wall_seconds
20,0,0,12,commercial,0,0,commercial|compound|private_fragmented|60921,True,never_act,0.0,60921,0,0,0,646,01c367fe71cc9c6667d560d38040985eda37f0521e31a4d77cf5ac09a4e69625,raw/pilot_v3_reference/v6-pilot_v3_reference-commercial-compound-private_fragmented-e60921-never_act-c000-event_triggered/events.jsonl.gz,a4a92d71d39674b55a5bbb7dd21447f6925face958713ab75566a1b5e2bda5af,1.6181854890937633,0,12,4,private_fragmented,0.0,0,0,0,0,0.0,0,compound,v6-pilot_v3_reference-commercial-compound-private_fragmented-e60921-never_act-c000-event_triggered,commercial_compound_family_2,6.116475376650185,0,20868,0.4423180898073483,222,event_triggered,pilot_v3_reference,complete,5f486f5567522731bd32a7306511704466517e85bdee0966db16054761815ce1,commercial_v6_topology_1,20868,222,0.29405813303310424
20,0,0,12,commercial,0,0,commercial|compound|private_fragmented|60922,True,never_act,0.0,60922,0,0,0,658,a3b28c0a0f95be1b44cfcc9f4bc696c182ae7470c9cc0a13198a816af9f67687,raw/pilot_v3_reference/v6-pilot_v3_reference-commercial-compound-private_fragmented-e60922-never_act-c000-event_triggered/events.jsonl.gz,1a01df015142b975087e5ed63e0e20ceb6f8a99fb27ee41a1d618785e5c42100,1.62815743490334,0,12,4,private_fragmented,0.0,0,0,0,0,0.0,0,compound,v6-pilot_v3_reference-commercial-compound-private_fragmented-e60922-never_act-c000-event_triggered,commercial_compound_family_2,5.51035072747656,0,21996,0.4674402018808046,234,event_triggered,pilot_v3_reference,complete,52651d2ff5332844c16978f68166472ea24cc9264e9775a8e52182051119c6a7,commercial_v6_topology_2,21996,234,0.3197558280080557
20,0,0,12,commercial,0,0,commercial|compound|private_fragmented|60923,True,never_act,0.0,60923,0,0,0,631,3db22a60e153140fa02756045df4e3c6260c9d673163297a31647a5c7d7c9d89,raw/pilot_v3_reference/v6-pilot_v3_reference-commercial-compound-private_fragmented-e60923-never_act-c000-event_triggered/events.jsonl.gz,5c8f4c337225616e33f116c130b7f830108e06891fb551dcfd7b8ae950081fab,1.636188973569435,0,12,4,private_fragmented,0.0,0,0,0,0,0.0,0,compound,v6-pilot_v3_reference-commercial-compound-private_fragmented-e60923-never_act-c000-event_triggered,commercial_compound_family_2,6.188292762561488,0,19458,0.3895206982288453,207,event_triggered,pilot_v3_reference,complete,cbdaefae0a999d45b17fe8b659d2758600ce227cb2bcc5300831df62084fad52,commercial_v6_topology_3,19458,207,0.29729936202056706
20,0,0,12,commercial,0,0,commercial|compound|private_fragmented|60924,True,never_act,0.0,60924,0,0,0,647,2466a9ebedab8db94f5b96f4353317c634b775c2028f4e87d87a6e712c5253b0,raw/pilot_v3_reference/v6-pilot_v3_reference-commercial-compound-private_fragmented-e60924-never_act-c000-event_triggered/events.jsonl.gz,217eadc9b778ca9227dc0fae186240e6c754b631b416320e6c0c90847ae8078a,1.5458658230080062,0,12,4,private_fragmented,0.0,0,0,0,0,0.0,0,compound,v6-pilot_v3_reference-commercial-compound-private_fragmented-e60924-never_act-c000-event_triggered,commercial_compound_family_3,4.2252270496013224,0,20962,0.4342153587356194,223,event_triggered,pilot_v3_reference,complete,e754e08f55afb6f9c54c981d5f3822d0f003b4f1ae5b3c9cfa74e24ec27bb86b,commercial_v6_topology_0,20962,223,0.3068654930102639
20,0,0,12,commercial,0,0,commercial|compound|private_fragmented|60925,True,never_act,0.0,60925,0,0,0,659,c8f7808c1465566631a7808936e343ac6ca0dc7a365eb0033fdfe33c465ef809,raw/pilot_v3_reference/v6-pilot_v3_reference-commercial-compound-private_fragmented-e60925-never_act-c000-event_triggered/events.jsonl.gz,3fb6f98b67386b8b3d91aa85cc6cf2bd2957068f9dd244bc7c7a9a265b14a8df,1.8453147242849255,0,12,4,private_fragmented,0.0,0,0,0,0,0.0,0,compound,v6-pilot_v3_reference-commercial-compound-private_fragmented-e60925-never_act-c000-event_triggered,commercial_compound_family_3,5.735760351658796,0,22090,0.4621036725878922,235,event_triggered,pilot_v3_reference,complete,752b1e343db735e4dcb1ef8d579951b551a39c613811312a01f2f2defb59ef98,commercial_v6_topology_1,22090,235,0.3067211539600976
20,0,0,12,commercial,0,0,commercial|compound|public_shared|60921,True,never_act,0.0,60921,0,0,0,620,f2b714e3c8bec6cbb4e9948c13497255eb8767894da92dc156448aa5c28c8347,raw/pilot_v3_reference/v6-pilot_v3_reference-commercial-compound-public_shared-e60921-never_act-c000-event_triggered/events.jsonl.gz,addb999348ecb7e61cc0ba89a6822003c6afce75b3e582f9c06b536932ed0c6d,1.58607419129541,0,12,4,public_shared,0.0,0,0,0,0,0.0,0,compound,v6-pilot_v3_reference-commercial-compound-public_shared-e60921-never_act-c000-event_triggered,commercial_compound_family_2,5.600944317705258,0,18424,0.40139563991472516,196,event_triggered,pilot_v3_reference,complete,78f216aea5de691417f93840df8fd97c8e3b2750ffd07ac286fe4c369608a1a4,commercial_v6_topology_1,18424,196,0.29408245999366045
20,0,0,12,commercial,0,0,commercial|compound|public_shared|60922,True,never_act,0.0,60922,0,0,0,622,0d6a4414fe33328170648abc75ea849e3a2cf76961529ea94da7f1dcf2c6e7c4,raw/pilot_v3_reference/v6-pilot_v3_reference-commercial-compound-public_shared-e60922-never_act-c000-event_triggered/events.jsonl.gz,0f58c79f682edba153940ccbb2fd26f23512fe0ced73fecb71a6ff28193ff2af,1.798899261700053,0,12,4,public_shared,0.0,0,0,0,0,0.0,0,compound,v6-pilot_v3_reference-commercial-compound-public_shared-e60922-never_act-c000-event_triggered,commercial_compound_family_2,6.208059393245049,0,18612,0.3902828464437626,198,event_triggered,pilot_v3_reference,complete,219302a8d3bd8d275b55c5f6999638f1065cd535fecef3850c6d30d6724ba39b,commercial_v6_topology_2,18612,198,0.29452175699407235
20,0,0,12,commercial,0,0,commercial|compound|public_shared|60923,True,never_act,0.0,60923,0,0,0,575,ef3cd896b42b8707d3c1fb232476b066d4fad8d56dba6068f2fdb8836e0e7730,raw/pilot_v3_reference/v6-pilot_v3_reference-commercial-compound-public_shared-e60923-never_act-c000-event_triggered/events.jsonl.gz,cadd0446fb7f148b63fe454617be750c7d85c2a6b233af2a8294a86e9902b808,1.4754947825729692,0,12,4,public_shared,0.0,0,0,0,0,0.0,0,compound,v6-pilot_v3_reference-commercial-compound-public_shared-e60923-never_act-c000-event_triggered,commercial_compound_family_2,4.588815709930895,0,14194,0.3027955528199136,151,event_triggered,pilot_v3_reference,complete,f869a365cc45d563027513553b71753bc96dacfc16ebfb0592c36652f59fe7e0,commercial_v6_topology_3,14194,151,0.2760896619874984
20,0,0,12,commercial,0,0,commercial|compound|public_shared|60924,True,never_act,0.0,60924,0,0,0,599,d5c70d692b8ce88de5b1b5a2de1ac2a8e21ed79a595a971a9500264a5dde0ce5,raw/pilot_v3_reference/v6-pilot_v3_reference-commercial-compound-public_shared-e60924-never_act-c000-event_triggered/events.jsonl.gz,cb93f8da15cb2edbebdd05032ea69f86db4c42111ead450179af25063dba4c98,1.4617984693129378,0,12,4,public_shared,0.0,0,0,0,0,0.0,0,compound,v6-pilot_v3_reference-commercial-compound-public_shared-e60924-never_act-c000-event_triggered,commercial_compound_family_3,5.295017102595138,0,16450,0.3542215562540841,175,event_triggered,pilot_v3_reference,complete,49e1811a19cb86c69f39e7efdb5db80f26f72a15a68a41eb77301a9a3a783020,commercial_v6_topology_0,16450,175,0.2882938350085169
20,0,0,12,commercial,0,0,commercial|compound|public_shared|60925,True,never_act,0.0,60925,0,0,0,606,1cfffac7c692e7b4757fb828f2b26a29f51e8579084772f540b01159561ba649,raw/pilot_v3_reference/v6-pilot_v3_reference-commercial-compound-public_shared-e60925-never_act-c000-event_triggered/events.jsonl.gz,510d256fee111dd2c5fa3ca0d7676819d44d78f4924228f540b33af7654348ec,1.5819858937556406,0,12,4,public_shared,0.0,0,0,0,0,0.0,0,compound,v6-pilot_v3_reference-commercial-compound-public_shared-e60925-never_act-c000-event_triggered,commercial_compound_family_3,4.90728764019477,0,17108,0.35987879411967166,182,event_triggered,pilot_v3_reference,complete,4bc6e036103ad9132de5111ce0ce5bb70bdf4d325aba19bd6e1f5dce9937152c,commercial_v6_topology_1,17108,182,0.28550968499621376
20,0,0,12,commercial,0,0,commercial|partition|private_fragmented|60921,True,never_act,0.0,60921,0,0,0,550,33385838f7ed0e1103b816d1662e501e9bf2aefa911400357fd1e33514a09e49,raw/pilot_v3_reference/v6-pilot_v3_reference-commercial-partition-private_fragmented-e60921-never_act-c000-event_triggered/events.jsonl.gz,aa3790581143557f2bff086329f0c3fe1b2ea04ba5e459d08f569d5d8a9ba712,1.3324109786498592,0,12,4,private_fragmented,0.0,0,0,0,0,0.0,0,partition,v6-pilot_v3_reference-commercial-partition-private_fragmented-e60921-never_act-c000-event_triggered,commercial_partition_family_2,5.367009138482208,0,11844,0.24646593780409243,126,event_triggered,pilot_v3_reference,complete,c7ad19dc8dd8b4cd02f8ac5d5540494e22a155319377f2f0605918684be87528,commercial_v6_topology_1,11844,126,0.26667806395562366
20,0,0,12,commercial,0,0,commercial|partition|private_fragmented|60922,True,never_act,0.0,60922,0,0,0,549,d0a5f4c17d769d486ee52f8f63ca4f9aa27a800ff87bdf1ffbf809f5dbf6d410,raw/pilot_v3_reference/v6-pilot_v3_reference-commercial-partition-private_fragmented-e60922-never_act-c000-event_triggered/events.jsonl.gz,3e5cddff89204cd455da8419c0b88434680ca68ba37e2753d0f7a52f90c5b885,1.0894453784780347,0,12,4,private_fragmented,0.0,0,0,0,0,0.0,0,partition,v6-pilot_v3_reference-commercial-partition-private_fragmented-e60922-never_act-c000-event_triggered,commercial_partition_family_2,3.772105367764463,0,11750,0.2446173328212468,125,event_triggered,pilot_v3_reference,complete,05f1749b75e0aa74713ccd7c382ea368a6414f09ec8bbc13928fce81a8478eb1,commercial_v6_topology_2,11750,125,0.2656207679538056
20,0,0,12,commercial,0,0,commercial|partition|private_fragmented|60923,True,never_act,0.0,60923,0,0,0,545,1790d162d8dc7bea17d7d2591f95c1ffb82e8f3b07bebf525fea77eeebf71787,raw/pilot_v3_reference/v6-pilot_v3_reference-commercial-partition-private_fragmented-e60923-never_act-c000-event_triggered/events.jsonl.gz,aa4c20068691a89d5d0a9c6c9c74b8b9b7442995637bd8a12da878441b71bcb1,1.234366154681308,0,12,4,private_fragmented,0.0,0,0,0,0,0.0,0,partition,v6-pilot_v3_reference-commercial-partition-private_fragmented-e60923-never_act-c000-event_triggered,commercial_partition_family_2,4.63427668062473,0,11374,0.23897617713207775,121,event_triggered,pilot_v3_reference,complete,6f61a3ecc14b3ae0875b8e18622557aabc29f4a2908662362409adbfc8717d67,commercial_v6_topology_3,11374,121,0.27010358398547396
20,0,0,12,commercial,0,0,commercial|partition|private_fragmented|60924,True,never_act,0.0,60924,0,0,0,546,232f651529e71379aa4bb8b2622d2878982e1080b966d15e0ac54cb69b59310f,raw/pilot_v3_reference/v6-pilot_v3_reference-commercial-partition-private_fragmented-e60924-never_act-c000-event_triggered/events.jsonl.gz,bfaed93cce1fd1b49563ddcc15ff2eb57cf6eb1d5adf565bd06c24df2814276e,1.0156343245913357,0,12,4,private_fragmented,0.0,0,0,0,0,0.0,0,partition,v6-pilot_v3_reference-commercial-partition-private_fragmented-e60924-never_act-c000-event_triggered,commercial_partition_family_3,3.0422672506338673,0,11468,0.23888096945757065,122,event_triggered,pilot_v3_reference,complete,38d9f6129f589ee1ca528ca495cbc457f79515530b1c7bd1ce6966e11029302b,commercial_v6_topology_0,11468,122,0.26279228302882984
20,0,0,12,commercial,0,0,commercial|partition|private_fragmented|60925,True,never_act,0.0,60925,0,0,0,546,5f9239cb8d1419ac7e0379b304c2e729246507858a2578253762c5aa05b7d392,raw/pilot_v3_reference/v6-pilot_v3_reference-commercial-partition-private_fragmented-e60925-never_act-c000-event_triggered/events.jsonl.gz,538a45d4556cb515b5a458a0e9be110b7617216850a2fa60a0ebe4f9c8a7dbc1,1.2823450338624736,0,12,4,private_fragmented,0.0,0,0,0,0,0.0,0,partition,v6-pilot_v3_reference-commercial-partition-private_fragmented-e60925-never_act-c000-event_triggered,commercial_partition_family_3,4.891217201786247,0,11468,0.23993031267368012,122,event_triggered,pilot_v3_reference,complete,b60db720a4003c2f142c317090b9fdcc5338a8dcecac6e73f12f7ab7e38a7e02,commercial_v6_topology_1,11468,122,0.2733442939934321
20,0,0,12,commercial,0,0,commercial|partition|public_shared|60921,True,never_act,0.0,60921,0,0,0,533,7a7620c4fd06a547dddca80905585e2ff14f4b749634af59c5ea30e7536ce048,raw/pilot_v3_reference/v6-pilot_v3_reference-commercial-partition-public_shared-e60921-never_act-c000-event_triggered/events.jsonl.gz,952b01a1bb853cbe5f049fa936673f976362a53cce8bcafe1acc1e0cd81a99ce,1.0635846170810683,0,12,4,public_shared,0.0,0,0,0,0,0.0,0,partition,v6-pilot_v3_reference-commercial-partition-public_shared-e60921-never_act-c000-event_triggered,commercial_partition_family_2,3.1470138462436745,0,10246,0.2094804776411638,109,event_triggered,pilot_v3_reference,complete,3c7ccb2c226bf3ea88001f6c0a2a0974a6d0668ec87b04b1f8f4a22467f46b54,commercial_v6_topology_1,10246,109,0.2641043619951233
20,0,0,12,commercial,0,0,commercial|partition|public_shared|60922,True,never_act,0.0,60922,0,0,0,532,9d60ebf72d939e3d78344ca3e94721086f366836fb1555d9232ab901af6f979a,raw/pilot_v3_reference/v6-pilot_v3_reference-commercial-partition-public_shared-e60922-never_act-c000-event_triggered/events.jsonl.gz,f420311f8f65ae6747e1bb7611e6b393ae19b9d9f6f1bd1d9ba4718d51f6afd9,1.2555357237412914,0,12,4,public_shared,0.0,0,0,0,0,0.0,0,partition,v6-pilot_v3_reference-commercial-partition-public_shared-e60922-never_act-c000-event_triggered,commercial_partition_family_2,5.497485669357216,0,10152,0.22141777990857145,108,event_triggered,pilot_v3_reference,complete,6043ab9bf733bfff10bf292d2b81d388863e8457b40a99bcca69a5d1e9f9502d,commercial_v6_topology_2,10152,108,0.2719922260148451
20,0,0,12,commercial,0,0,commercial|partition|public_shared|60923,True,never_act,0.0,60923,0,0,0,542,7de5d214204c7b86d87c4272f559b4c31e57b39ea7167e5df73d52db7ced1bb3,raw/pilot_v3_reference/v6-pilot_v3_reference-commercial-partition-public_shared-e60923-never_act-c000-event_triggered/events.jsonl.gz,0b031519221f969fe86a0287ab81fabcdfb8f0942d0f3b25a7b7c968baa85dda,1.129105434712645,0,12,4,public_shared,0.0,0,0,0,0,0.0,0,partition,v6-pilot_v3_reference-commercial-partition-public_shared-e60923-never_act-c000-event_triggered,commercial_partition_family_2,2.5453102404327073,0,11092,0.2309411322935362,118,event_triggered,pilot_v3_reference,complete,1a30fccb5f2476605ab955feed9a7fd258b6633385ecc6df24c0c909ec46ae37,commercial_v6_topology_3,11092,118,0.2634018529788591
20,0,0,12,commercial,0,0,commercial|partition|public_shared|60924,True,never_act,0.0,60924,0,0,0,531,355979c76a586d8478f83bcb476c965177d163433e312eafc7b7c1374c04bd45,raw/pilot_v3_reference/v6-pilot_v3_reference-commercial-partition-public_shared-e60924-never_act-c000-event_triggered/events.jsonl.gz,a3fbadfaf9ca846fdc7afefe90d925cfbb69f6c2c302acdbe0bb312d6a05e84b,1.2981023683618136,0,12,4,public_shared,0.0,0,0,0,0,0.0,0,partition,v6-pilot_v3_reference-commercial-partition-public_shared-e60924-never_act-c000-event_triggered,commercial_partition_family_3,3.3383100425951913,0,10058,0.19899327509794426,107,event_triggered,pilot_v3_reference,complete,73ef4192180920ead042a8de4b7de5761b7e7ec99b3f51b04f9e23d1c5578f63,commercial_v6_topology_0,10058,107,0.2643339239875786
20,0,0,12,commercial,0,0,commercial|partition|public_shared|60925,True,never_act,0.0,60925,0,0,0,534,73a994db7a3b29bf0692d12d85619a117273575c0e4fe41e4b32c8b8233b356c,raw/pilot_v3_reference/v6-pilot_v3_reference-commercial-partition-public_shared-e60925-never_act-c000-event_triggered/events.jsonl.gz,dcde4b4b0d412677dad22a14be7f05b2f29dec90bfcba45deafe9ee67d438369,1.414788479094991,0,12,4,public_shared,0.0,0,0,0,0,0.0,0,partition,v6-pilot_v3_reference-commercial-partition-public_shared-e60925-never_act-c000-event_triggered,commercial_partition_family_3,5.4729431902767764,0,10340,0.2191905136343091,110,event_triggered,pilot_v3_reference,complete,b5e1db396b0496321f1b5b57fd6cbe12b43f6ebc055ce0fd3466d557350cc3db,commercial_v6_topology_1,10340,110,0.26716566598042846
20,0,0,12,commercial,0,0,commercial|telemetry_integrity|private_fragmented|60921,True,never_act,0.0,60921,0,0,0,700,547d5e72bf7d188e40d1412a06cd1e8e5bc0087a30518886590a9c46b62ce31d,raw/pilot_v3_reference/v6-pilot_v3_reference-commercial-telemetry_integrity-private_fragmented-e60921-never_act-c000-event_triggered/events.jsonl.gz,7a92efc3312d6bf34904162819758c76d483ebf08e9a5ca21109f84596e720f6,1.46277932122291,0,12,4,private_fragmented,0.0,0,0,0,0,0.0,0,telemetry_integrity,v6-pilot_v3_reference-commercial-telemetry_integrity-private_fragmented-e60921-never_act-c000-event_triggered,commercial_telemetry_integrity_family_2,7.067479260196022,0,25944,0.5196274225955906,276,event_triggered,pilot_v3_reference,complete,75f7928fdacd841abd11613ef3ccc1a02c2029f230ccb9f257b6a94dd18376a2,commercial_v6_topology_1,25944,276,0.31851190904853866
20,0,0,12,commercial,0,0,commercial|telemetry_integrity|private_fragmented|60922,True,never_act,0.0,60922,0,0,0,694,9b05116ff8f5a9c9ee719247fd1254cce8e5a7a2c592d782eda05f1efd3fa760,raw/pilot_v3_reference/v6-pilot_v3_reference-commercial-telemetry_integrity-private_fragmented-e60922-never_act-c000-event_triggered/events.jsonl.gz,e87d1be02214e7f7e30be4077332b427d92079a321fedc0cb1ac8500cfd5a089,1.0261523515158562,0,12,4,private_fragmented,0.0,0,0,0,0,0.0,0,telemetry_integrity,v6-pilot_v3_reference-commercial-telemetry_integrity-private_fragmented-e60922-never_act-c000-event_triggered,commercial_telemetry_integrity_family_2,3.452379228588891,0,25380,0.5223142256428188,270,event_triggered,pilot_v3_reference,complete,8b86b1be1fb8e5d5bb3557568beb39576b44ffecb0205888d7fc134c2304638a,commercial_v6_topology_2,25380,270,0.30767500802176073
20,0,0,12,commercial,0,0,commercial|telemetry_integrity|private_fragmented|60923,True,never_act,0.0,60923,0,0,0,690,20549111477a042c076b7f738c78ea3ffb03fb59cba85b27b9a248f22eba619a,raw/pilot_v3_reference/v6-pilot_v3_reference-commercial-telemetry_integrity-private_fragmented-e60923-never_act-c000-event_triggered/events.jsonl.gz,0918455acc374281a6a5b765b0f2f47922ff0eeb4dddc9f35b9c81c3c1fa86ac,1.2133798968954634,0,12,4,private_fragmented,0.0,0,0,0,0,0.0,0,telemetry_integrity,v6-pilot_v3_reference-commercial-telemetry_integrity-private_fragmented-e60923-never_act-c000-event_triggered,commercial_telemetry_integrity_family_2,3.9568882817896736,0,25004,0.5358412590841453,266,event_triggered,pilot_v3_reference,complete,75d467704d3377ec86b78a9533240a0ff06a3fc6920ccc4ae67082614a48a4b7,commercial_v6_topology_3,25004,266,0.30764869996346533
20,0,0,12,commercial,0,0,commercial|telemetry_integrity|private_fragmented|60924,True,never_act,0.0,60924,0,0,0,696,991cfb75ed6ddc630ae397257b8fabbc5b2fd9f0b092e60ca126fb13a5ed6dc3,raw/pilot_v3_reference/v6-pilot_v3_reference-commercial-telemetry_integrity-private_fragmented-e60924-never_act-c000-event_triggered/events.jsonl.gz,2de4360c440d3d2d87f4459cd7a09de56a2a5700c9fda21cd7b5ff3e3f0dbbb4,1.2237328408846695,0,12,4,private_fragmented,0.0,0,0,0,0,0.0,0,telemetry_integrity,v6-pilot_v3_reference-commercial-telemetry_integrity-private_fragmented-e60924-never_act-c000-event_triggered,commercial_telemetry_integrity_family_3,4.756285034203951,0,25568,0.5364073925934336,272,event_triggered,pilot_v3_reference,complete,c9c6823ea4af76bbd40037862fcc40a8bccbd9a9c5793b0fc25203dc315b0868,commercial_v6_topology_0,25568,272,0.30909635697025806
20,0,0,12,commercial,0,0,commercial|telemetry_integrity|private_fragmented|60925,True,never_act,0.0,60925,0,0,0,694,a55afb1859c602ccf81b3f6632f84935ed7845aa63acc4eb77bd87b9540b9632,raw/pilot_v3_reference/v6-pilot_v3_reference-commercial-telemetry_integrity-private_fragmented-e60925-never_act-c000-event_triggered/events.jsonl.gz,41b995f2d27c224e49134d141530856c6fd21350d7be66fcec9e2b587515193f,1.1390913712081958,0,12,4,private_fragmented,0.0,0,0,0,0,0.0,0,telemetry_integrity,v6-pilot_v3_reference-commercial-telemetry_integrity-private_fragmented-e60925-never_act-c000-event_triggered,commercial_telemetry_integrity_family_3,3.509718224038871,0,25380,0.5340333022746814,270,event_triggered,pilot_v3_reference,complete,891d04a00a8f6c2e1c0454fa51258881460ee64390c90f08de576b5694b7d87a,commercial_v6_topology_1,25380,270,0.3028656910173595
20,0,0,12,commercial,0,0,commercial|telemetry_integrity|public_shared|60921,True,never_act,0.0,60921,0,0,0,664,62fe9ea1226c264dc8e3987988468a7d056621596d56f14d1346b61dddf4923b,raw/pilot_v3_reference/v6-pilot_v3_reference-commercial-telemetry_integrity-public_shared-e60921-never_act-c000-event_triggered/events.jsonl.gz,e47c5e1fcf01992ad727ae3c89117e00230d09ffa0aea367e2ccfc392eaa407c,1.2307222235782946,0,12,4,public_shared,0.0,0,0,0,0,0.0,0,telemetry_integrity,v6-pilot_v3_reference-commercial-telemetry_integrity-public_shared-e60921-never_act-c000-event_triggered,commercial_telemetry_integrity_family_2,3.972424307960779,0,22560,0.4775830480081629,240,event_triggered,pilot_v3_reference,complete,3419ef959c930693504185904fb0e0a73277a45164463e1c4749540b7ca3d383,commercial_v6_topology_1,22560,240,0.30283011798746884
20,0,0,12,commercial,0,0,commercial|telemetry_integrity|public_shared|60922,True,never_act,0.0,60922,0,0,0,654,166c79f2865f7cd5b5cb2312c72517b19ed9354cfacfa693c61e6b949da43dcb,raw/pilot_v3_reference/v6-pilot_v3_reference-commercial-telemetry_integrity-public_shared-e60922-never_act-c000-event_triggered/events.jsonl.gz,5754ff932befa043a21336c075df0397d8263f7d25c5b2195ec9b4c039302f9e,0.9533548234174412,0,12,4,public_shared,0.0,0,0,0,0,0.0,0,telemetry_integrity,v6-pilot_v3_reference-commercial-telemetry_integrity-public_shared-e60922-never_act-c000-event_triggered,commercial_telemetry_integrity_family_2,2.744366603318638,0,21620,0.44494003405481575,230,event_triggered,pilot_v3_reference,complete,a73ce5ffa2997077972dbb668ee99b3f941f14a36b075520e7ee933591d57a80,commercial_v6_topology_2,21620,230,0.31258833600440994
20,0,0,12,commercial,0,0,commercial|telemetry_integrity|public_shared|60923,True,never_act,0.0,60923,0,0,0,654,f1bf715be30147997ceb1bb12e8da2d5a7af36c98c15fb7bdcbdfdf7c68d445b,raw/pilot_v3_reference/v6-pilot_v3_reference-commercial-telemetry_integrity-public_shared-e60923-never_act-c000-event_triggered/events.jsonl.gz,ef23cb2b516c990681789dadaf5d17c3c511b841e323bd7c3671e0a8ea63e2a8,1.1908352529880324,0,12,4,public_shared,0.0,0,0,0,0,0.0,0,telemetry_integrity,v6-pilot_v3_reference-commercial-telemetry_integrity-public_shared-e60923-never_act-c000-event_triggered,commercial_telemetry_integrity_family_2,3.272610242359288,0,21620,0.46058187135285683,230,event_triggered,pilot_v3_reference,complete,42ff3e20b3e724c1a24fb141b7da57f9fa4136726e6dbde3cd5d34b3e4050510,commercial_v6_topology_3,21620,230,0.3017378589720465
20,0,0,12,commercial,0,0,commercial|telemetry_integrity|public_shared|60924,True,never_act,0.0,60924,0,0,0,640,eb3cb8b63dcf32090ddffa2c71c77c40a4dc3360e938830d0385d8724e0f0e31,raw/pilot_v3_reference/v6-pilot_v3_reference-commercial-telemetry_integrity-public_shared-e60924-never_act-c000-event_triggered/events.jsonl.gz,89b67f56a7a54dcf4943fd684d88f0066a59eb64ffdd56d7806804dcba991355,1.0971110489691303,0,12,4,public_shared,0.0,0,0,0,0,0.0,0,telemetry_integrity,v6-pilot_v3_reference-commercial-telemetry_integrity-public_shared-e60924-never_act-c000-event_triggered,commercial_telemetry_integrity_family_3,2.885843445310161,0,20304,0.4311145989050452,216,event_triggered,pilot_v3_reference,complete,8b0b656a45ccb10ea11932082ec56b50ff21fc5f428aed14aa4059dd2ade11bf,commercial_v6_topology_0,20304,216,0.29580407100729644
20,0,0,12,commercial,0,0,commercial|telemetry_integrity|public_shared|60925,True,never_act,0.0,60925,0,0,0,664,dc1826a06c85fa5a9afa15016c50fae8522fc5fc7319b81f86de81b21ed0c207,raw/pilot_v3_reference/v6-pilot_v3_reference-commercial-telemetry_integrity-public_shared-e60925-never_act-c000-event_triggered/events.jsonl.gz,aded286e7a4ebbe8681243977c8c293c00b8c02f8a61d16fd3ead9f884c381b1,1.110495525473354,0,12,4,public_shared,0.0,0,0,0,0,0.0,0,telemetry_integrity,v6-pilot_v3_reference-commercial-telemetry_integrity-public_shared-e60925-never_act-c000-event_triggered,commercial_telemetry_integrity_family_3,3.366897131166334,0,22560,0.49975410793425573,240,event_triggered,pilot_v3_reference,complete,57eee0fff84dc2b833e6c084c99c46a014866368dc9fb45bd20dec3a7c06561d,commercial_v6_topology_1,22560,240,0.30178561399225146
20,0,0,12,humanitarian,0,0,humanitarian|compound|private_fragmented|60921,True,never_act,0.0,60921,0,0,0,652,255c229bfb622809839dc94a791558cce97f4db367b9105a3141ad8e28805ab6,raw/pilot_v3_reference/v6-pilot_v3_reference-humanitarian-compound-private_fragmented-e60921-never_act-c000-event_triggered/events.jsonl.gz,b72794986b68423536c7199d707b77cc1a85f277453a5c8e5e228683b1455b55,1.776392010019133,0,12,4,private_fragmented,0.0,0,0,0,0,0.0,0,compound,v6-pilot_v3_reference-humanitarian-compound-private_fragmented-e60921-never_act-c000-event_triggered,humanitarian_compound_family_2,7.459675292106697,0,21432,0.4336696449842529,228,event_triggered,pilot_v3_reference,complete,cb4ad152cd3dae9fe8272dc1dac564babed762f2aee929177bdf0ff9c464f740,humanitarian_v6_topology_1,21432,228,0.3045086130150594
20,0,0,12,humanitarian,0,0,humanitarian|compound|private_fragmented|60922,True,never_act,0.0,60922,0,0,0,659,ba53176d8e40a8ee7f3a9a9b9cc53bccfa3001c4ad2660c835c63b68cdb68140,raw/pilot_v3_reference/v6-pilot_v3_reference-humanitarian-compound-private_fragmented-e60922-never_act-c000-event_triggered/events.jsonl.gz,e8c29d3ec0652a2885a9738413b5ad7c792fd191b6614742bf12037df5734862,1.712413728830337,0,12,4,private_fragmented,0.0,0,0,0,0,0.0,0,compound,v6-pilot_v3_reference-humanitarian-compound-private_fragmented-e60922-never_act-c000-event_triggered,humanitarian_compound_family_2,6.715343856294685,0,22090,0.4781952991033743,235,event_triggered,pilot_v3_reference,complete,d3272a671d4caad34358e9b35151be5a66d2088577206e94493a1921395e3b08,humanitarian_v6_topology_2,22090,235,0.2981102759949863
20,0,0,12,humanitarian,0,0,humanitarian|compound|private_fragmented|60923,True,never_act,0.0,60923,0,0,0,665,ffaaf0084898fed64535b0fb64f4bd207f84d5a338a3e42483a2683362e66471,raw/pilot_v3_reference/v6-pilot_v3_reference-humanitarian-compound-private_fragmented-e60923-never_act-c000-event_triggered/events.jsonl.gz,97e312b2a9085f27c42c801c439f2db033d6ee151a79c15a9a87b668f1c7eb5c,1.7395792192058304,0,12,4,private_fragmented,0.0,0,0,0,0,0.0,0,compound,v6-pilot_v3_reference-humanitarian-compound-private_fragmented-e60923-never_act-c000-event_triggered,humanitarian_compound_family_2,3.9660413824300096,0,22654,0.47209047748204025,241,event_triggered,pilot_v3_reference,complete,9ade908d643e7358b4ac188f26d24c0371cc41f0b73dc84e1d1d1660757db8d6,humanitarian_v6_topology_3,22654,241,0.30724883096991107
20,0,0,12,humanitarian,0,0,humanitarian|compound|private_fragmented|60924,True,never_act,0.0,60924,0,0,0,661,040436c19076d0918ac9a62344a3d27597fb0683f1b9e51a3e760a99a55ec143,raw/pilot_v3_reference/v6-pilot_v3_reference-humanitarian-compound-private_fragmented-e60924-never_act-c000-event_triggered/events.jsonl.gz,e4ea6916f3e5cfcbe36a3ebe3471631509c04956cdb354d5716b4d945f76a2c9,1.5041646953893895,0,12,4,private_fragmented,0.0,0,0,0,0,0.0,0,compound,v6-pilot_v3_reference-humanitarian-compound-private_fragmented-e60924-never_act-c000-event_triggered,humanitarian_compound_family_3,3.7256896656897394,0,22278,0.4755259794566403,237,event_triggered,pilot_v3_reference,complete,702793a8e9e1f429e3f2b1be240ec51cae47706bb783045735d3f2f6eaef62b0,humanitarian_v6_topology_0,22278,237,0.3025504209799692
20,0,0,12,humanitarian,0,0,humanitarian|compound|private_fragmented|60925,True,never_act,0.0,60925,0,0,0,645,c59ed56dbdc5c516b5137fa1903442e1a4f3950a06376d01beb538bd1c48553a,raw/pilot_v3_reference/v6-pilot_v3_reference-humanitarian-compound-private_fragmented-e60925-never_act-c000-event_triggered/events.jsonl.gz,56c5d877c72f36176a1219b19262a88f481e3f7933084ea1ccd896896b039f3e,1.5925055758060336,0,12,4,private_fragmented,0.0,0,0,0,0,0.0,0,compound,v6-pilot_v3_reference-humanitarian-compound-private_fragmented-e60925-never_act-c000-event_triggered,humanitarian_compound_family_3,5.756115220588743,0,20774,0.44931682615673685,221,event_triggered,pilot_v3_reference,complete,bcdddf509d1de279589713249f1d61b65d50cde9dc4b92c4c8565922e9d3cc63,humanitarian_v6_topology_1,20774,221,0.3083642889978364
20,0,0,12,humanitarian,0,0,humanitarian|compound|public_shared|60921,True,never_act,0.0,60921,0,0,0,615,65f2e0a0786d8cac16f8fec252a7082a9a2fa4146aeb444dca2cfd6d4eaf4231,raw/pilot_v3_reference/v6-pilot_v3_reference-humanitarian-compound-public_shared-e60921-never_act-c000-event_triggered/events.jsonl.gz,e5c0ca5a7578dcf9af76b5beba2016498e296106057f6c8f56cd958502a68ac9,1.7871136645177734,0,12,4,public_shared,0.0,0,0,0,0,0.0,0,compound,v6-pilot_v3_reference-humanitarian-compound-public_shared-e60921-never_act-c000-event_triggered,humanitarian_compound_family_2,4.009451333925539,0,17954,0.36225299656829113,191,event_triggered,pilot_v3_reference,complete,14256f5b6337aa253b75f392d0bee335675187a51d84c7e39a43756e540d0b3d,humanitarian_v6_topology_1,17954,191,0.28770569700282067
20,0,0,12,humanitarian,0,0,humanitarian|compound|public_shared|60922,True,never_act,0.0,60922,0,0,0,624,8e18ce8d8b0df37d9e6dc4b1997f72c0932006d0d3b44ef7667dcd608679751e,raw/pilot_v3_reference/v6-pilot_v3_reference-humanitarian-compound-public_shared-e60922-never_act-c000-event_triggered/events.jsonl.gz,e7ad1a67ce927cc2676f4bfacce3121b4b858fc2a0e6a0102f63452e98c889a8,1.6744756647584755,0,12,4,public_shared,0.0,0,0,0,0,0.0,0,compound,v6-pilot_v3_reference-humanitarian-compound-public_shared-e60922-never_act-c000-event_triggered,humanitarian_compound_family_2,4.311883349636018,0,18800,0.3940761234278392,200,event_triggered,pilot_v3_reference,complete,07ba398ae4f5933d5ae8d1244fdf53cc4f893dfbade649ccf55e3d439c2a8d3f,humanitarian_v6_topology_2,18800,200,0.2899066249956377
20,0,0,12,humanitarian,0,0,humanitarian|compound|public_shared|60923,True,never_act,0.0,60923,0,0,0,633,583beed553ef1814df4658fa72de85df541e912f3ce00616a55aa0b3b6ba5795,raw/pilot_v3_reference/v6-pilot_v3_reference-humanitarian-compound-public_shared-e60923-never_act-c000-event_triggered/events.jsonl.gz,8517a24b98f79d21119bf57a88980f38995df52bda9e728831df083c91007125,1.80578812139923,0,12,4,public_shared,0.0,0,0,0,0,0.0,0,compound,v6-pilot_v3_reference-humanitarian-compound-public_shared-e60923-never_act-c000-event_triggered,humanitarian_compound_family_2,4.40347762497497,0,19646,0.40540322067118884,209,event_triggered,pilot_v3_reference,complete,048beb8d1f3183faca675c8d75ddba6fd6b053c2329274defa79a2dfd8b318e2,humanitarian_v6_topology_3,19646,209,0.29016659496119246
20,0,0,12,humanitarian,0,0,humanitarian|compound|public_shared|60924,True,never_act,0.0,60924,0,0,0,614,cb78e0e5ccb784859ac1137d9d382bb93e04220f22100c6ba2873f66ba2d8ea9,raw/pilot_v3_reference/v6-pilot_v3_reference-humanitarian-compound-public_shared-e60924-never_act-c000-event_triggered/events.jsonl.gz,69d2ad6d266a5cf21677742ca9c24c2f86ff3c42ba62a992ca3d07aa2f7bdd6f,1.5977994293548727,0,12,4,public_shared,0.0,0,0,0,0,0.0,0,compound,v6-pilot_v3_reference-humanitarian-compound-public_shared-e60924-never_act-c000-event_triggered,humanitarian_compound_family_3,6.1753090413192595,0,17860,0.3773425698612587,190,event_triggered,pilot_v3_reference,complete,90ef2e4f2d57be2f0fb7c693cc901511f90ffeefc60e0d5485b1cabe4d5d7751,humanitarian_v6_topology_0,17860,190,0.28838250297121704
20,0,0,12,humanitarian,0,0,humanitarian|compound|public_shared|60925,True,never_act,0.0,60925,0,0,0,609,d12c028e11fad273f28d9afdbae39c0738684e19dbc64966c9ecffe4023277b2,raw/pilot_v3_reference/v6-pilot_v3_reference-humanitarian-compound-public_shared-e60925-never_act-c000-event_triggered/events.jsonl.gz,fb5369d25d4efceb84702820a7b9e22014d7f3fcd3855e402bf9cac23f566ee7,1.615316879232168,0,12,4,public_shared,0.0,0,0,0,0,0.0,0,compound,v6-pilot_v3_reference-humanitarian-compound-public_shared-e60925-never_act-c000-event_triggered,humanitarian_compound_family_3,6.318954978956641,0,17390,0.3584117543109964,185,event_triggered,pilot_v3_reference,complete,bda1951db147dcc6af25e5dd5852857cdd5945cceb6fe682f2bf92b64740dc16,humanitarian_v6_topology_1,17390,185,0.2941923040198162
20,0,0,12,humanitarian,0,0,humanitarian|partition|private_fragmented|60921,True,never_act,0.0,60921,0,0,0,544,23c50c0d3b056f4517261a0ab3e21ae9750a737e6cbfe279c8358a70238fccb3,raw/pilot_v3_reference/v6-pilot_v3_reference-humanitarian-partition-private_fragmented-e60921-never_act-c000-event_triggered/events.jsonl.gz,31df0fe0536f1b8e77d69858a6c259a05f4f0a1a11e0c0947b588282cbae3790,1.2314534914314144,0,12,4,private_fragmented,0.0,0,0,0,0,0.0,0,partition,v6-pilot_v3_reference-humanitarian-partition-private_fragmented-e60921-never_act-c000-event_triggered,humanitarian_partition_family_2,2.8924381782225694,0,11280,0.22654645228546413,120,event_triggered,pilot_v3_reference,complete,2557ae6911358b1dc14e51df97a0536c54414dcc437968475a512d559562e986,humanitarian_v6_topology_1,11280,120,0.26932287600357085
20,0,0,12,humanitarian,0,0,humanitarian|partition|private_fragmented|60922,True,never_act,0.0,60922,0,0,0,549,64d558e42979e075b342d95d86f1a37117691204d7dd361b2f74122c7020d350,raw/pilot_v3_reference/v6-pilot_v3_reference-humanitarian-partition-private_fragmented-e60922-never_act-c000-event_triggered/events.jsonl.gz,be6b7e9a7bde01ac61f6e28d8b7056276797f35a96a4ebc93cd23461b675e6c2,1.1010041264434955,0,12,4,private_fragmented,0.0,0,0,0,0,0.0,0,partition,v6-pilot_v3_reference-humanitarian-partition-private_fragmented-e60922-never_act-c000-event_triggered,humanitarian_partition_family_2,2.005285997962412,0,11750,0.2513975120361085,125,event_triggered,pilot_v3_reference,complete,86f8c48c5b9a37078cd87f5cef003cfcbf2936eaf9e8964a9892682fcff7f7cb,humanitarian_v6_topology_2,11750,125,0.2675839249859564
20,0,0,12,humanitarian,0,0,humanitarian|partition|private_fragmented|60923,True,never_act,0.0,60923,0,0,0,537,650d472aa16eb36e6ab4f176926cd373d84f1125601bbd9ebada9760311465d6,raw/pilot_v3_reference/v6-pilot_v3_reference-humanitarian-partition-private_fragmented-e60923-never_act-c000-event_triggered/events.jsonl.gz,cbdb8550d1a367b80eb4c014d7717187ccfd685b64070b0339aa5d5e9357ffdd,0.8647407955856095,0,12,4,private_fragmented,0.0,0,0,0,0,0.0,0,partition,v6-pilot_v3_reference-humanitarian-partition-private_fragmented-e60923-never_act-c000-event_triggered,humanitarian_partition_family_2,2.561249169401854,0,10622,0.21748397661470112,113,event_triggered,pilot_v3_reference,complete,e67eec2b3f77256831d3953a00b0f65c347d39e3f24239363bcad697983615a7,humanitarian_v6_topology_3,10622,113,0.26405697199516
20,0,0,12,humanitarian,0,0,humanitarian|partition|private_fragmented|60924,True,never_act,0.0,60924,0,0,0,546,e1bd070e274edd55e74750237940f0bd9819b002972b33b6bc4f6a8b951f0cb2,raw/pilot_v3_reference/v6-pilot_v3_reference-humanitarian-partition-private_fragmented-e60924-never_act-c000-event_triggered/events.jsonl.gz,8014496ddf0eac89636289f07589466d645ce4127de7371bee15f2c0c185fa72,1.406009493104723,0,12,4,private_fragmented,0.0,0,0,0,0,0.0,0,partition,v6-pilot_v3_reference-humanitarian-partition-private_fragmented-e60924-never_act-c000-event_triggered,humanitarian_partition_family_3,4.706080263984461,0,11468,0.23512759548503315,122,event_triggered,pilot_v3_reference,complete,26fda39aac3e112228776ca8e8930ce6609b2a5844df19e33a11a873ee71131b,humanitarian_v6_topology_0,11468,122,0.268545005004853
20,0,0,12,humanitarian,0,0,humanitarian|partition|private_fragmented|60925,True,never_act,0.0,60925,0,0,0,550,59a14104851653a4e0df0eb367d885ba10512ea8983ee03995c81296ddc683fa,raw/pilot_v3_reference/v6-pilot_v3_reference-humanitarian-partition-private_fragmented-e60925-never_act-c000-event_triggered/events.jsonl.gz,ee4e154a5e8f3bb054ff0bf6e8e3b38cf78ee4f59afe42fd3dd5b4610dd3cd16,0.9519016283210034,0,12,4,private_fragmented,0.0,0,0,0,0,0.0,0,partition,v6-pilot_v3_reference-humanitarian-partition-private_fragmented-e60925-never_act-c000-event_triggered,humanitarian_partition_family_3,3.3314564213422946,0,11844,0.2478292708486796,126,event_triggered,pilot_v3_reference,complete,313b16c4d0dd2395d5a0a6e700bdce02125a68f9e6b0eab1d2a8785a52248b7c,humanitarian_v6_topology_1,11844,126,0.26685792702483013
20,0,0,12,humanitarian,0,0,humanitarian|partition|public_shared|60921,True,never_act,0.0,60921,0,0,0,539,a719dbdd2fd5e38a282998bd2e1d30ab8ed7f0d650322ba04cb51892b5f1a53c,raw/pilot_v3_reference/v6-pilot_v3_reference-humanitarian-partition-public_shared-e60921-never_act-c000-event_triggered/events.jsonl.gz,e07bf78eb8375ae7ef651b4a983f1ab7788572a02eef62b4134eec4feb03adcf,1.2137373501808075,0,12,4,public_shared,0.0,0,0,0,0,0.0,0,partition,v6-pilot_v3_reference-humanitarian-partition-public_shared-e60921-never_act-c000-event_triggered,humanitarian_partition_family_2,4.66847274366718,0,10810,0.22563657469302867,115,event_triggered,pilot_v3_reference,complete,44aa51a7c4db95a02d51376e02f7edae6987823098efc490425b61ce446d8327,humanitarian_v6_topology_1,10810,115,0.26350202097091824
20,0,0,12,humanitarian,0,0,humanitarian|partition|public_shared|60922,True,never_act,0.0,60922,0,0,0,521,786354c6af5345f2272f5ab428993be5b28c03078b69584702e4ef4edc0c203b,raw/pilot_v3_reference/v6-pilot_v3_reference-humanitarian-partition-public_shared-e60922-never_act-c000-event_triggered/events.jsonl.gz,7d42739a4078462960d6e8255d2f96e953a95b26c60ce4db7b87a0081c1807e7,1.057392918640099,0,12,4,public_shared,0.0,0,0,0,0,0.0,0,partition,v6-pilot_v3_reference-humanitarian-partition-public_shared-e60922-never_act-c000-event_triggered,humanitarian_partition_family_2,2.6388562750151188,0,9118,0.18670033977380437,97,event_triggered,pilot_v3_reference,complete,756e8ac08f17dbf61f6a17b5c8d07d839d93a9daba7e06687e0d31ab98d1a20e,humanitarian_v6_topology_2,9118,97,0.26993752899579704
20,0,0,12,humanitarian,0,0,humanitarian|partition|public_shared|60923,True,never_act,0.0,60923,0,0,0,534,d4d1d4d6bc9a33fe7fd0f0b521c9ba66d4c3cb52caa0c28ee5a2b20c7c50cf8b,raw/pilot_v3_reference/v6-pilot_v3_reference-humanitarian-partition-public_shared-e60923-never_act-c000-event_triggered/events.jsonl.gz,9595ccdbb903bd59bc9919e94362524ccd21a47d7bac6fe67a951501588e69d1,1.080257051169089,0,12,4,public_shared,0.0,0,0,0,0,0.0,0,partition,v6-pilot_v3_reference-humanitarian-partition-public_shared-e60923-never_act-c000-event_triggered,humanitarian_partition_family_2,2.9645006618213556,0,10340,0.2131330313951479,110,event_triggered,pilot_v3_reference,complete,ca942e174b6784e15f1adf5e59c028ec4f9d6298c625e9a44bd2fbc756ade876,humanitarian_v6_topology_3,10340,110,0.2632831720402464
20,0,0,12,humanitarian,0,0,humanitarian|partition|public_shared|60924,True,never_act,0.0,60924,0,0,0,513,f200791d990154a60b50006aaecc1e192c5dd673f155318074ab5f745ef06e4c,raw/pilot_v3_reference/v6-pilot_v3_reference-humanitarian-partition-public_shared-e60924-never_act-c000-event_triggered/events.jsonl.gz,dbe00c575d813f88a3b87655badffec70490a77f033341b695355110a906af8a,1.126046681448866,0,12,4,public_shared,0.0,0,0,0,0,0.0,0,partition,v6-pilot_v3_reference-humanitarian-partition-public_shared-e60924-never_act-c000-event_triggered,humanitarian_partition_family_3,3.870673116657618,0,8366,0.1755561694916851,89,event_triggered,pilot_v3_reference,complete,c0db601e5c704313de7f4677ae3df767f15b5b58238d4343dd8ffc7211e1e725,humanitarian_v6_topology_0,8366,89,0.25844244100153446
20,0,0,12,humanitarian,0,0,humanitarian|partition|public_shared|60925,True,never_act,0.0,60925,0,0,0,516,4a40adfa1053c95860a102caff117cdef50aaf874ab8a4af9a5f6284a338e8eb,raw/pilot_v3_reference/v6-pilot_v3_reference-humanitarian-partition-public_shared-e60925-never_act-c000-event_triggered/events.jsonl.gz,39a51b36ba7d961d66fd1024000a9d2033830410a2d3f2b8576ffe85fa94cd86,1.2874148503797997,0,12,4,public_shared,0.0,0,0,0,0,0.0,0,partition,v6-pilot_v3_reference-humanitarian-partition-public_shared-e60925-never_act-c000-event_triggered,humanitarian_partition_family_3,3.167978103572639,0,8648,0.18404322502010365,92,event_triggered,pilot_v3_reference,complete,acb3094e2d3ad2b87d2fbba0a91f84457fe9eef42de328cbc822d30778e9b8af,humanitarian_v6_topology_1,8648,92,0.25493807200109586
20,0,0,12,humanitarian,0,0,humanitarian|telemetry_integrity|private_fragmented|60921,True,never_act,0.0,60921,0,0,0,700,0268c5782ec8413e38dd2879cf9742e45f50271c86db0f18a819c0b371193554,raw/pilot_v3_reference/v6-pilot_v3_reference-humanitarian-telemetry_integrity-private_fragmented-e60921-never_act-c000-event_triggered/events.jsonl.gz,79448c8177e30751d9a9601f7882b90fef7ed84a19ee1e58c17b2dc60657b155,1.0614690744649398,0,12,4,private_fragmented,0.0,0,0,0,0,0.0,0,telemetry_integrity,v6-pilot_v3_reference-humanitarian-telemetry_integrity-private_fragmented-e60921-never_act-c000-event_triggered,humanitarian_telemetry_integrity_family_2,1.7137118268462044,0,25944,0.5210251059074463,276,event_triggered,pilot_v3_reference,complete,7d4b518915e83c476f03191ff4a0a20e5a1b19d67465000ab587e7f53828a51d,humanitarian_v6_topology_1,25944,276,0.33424838399514556
20,0,0,12,humanitarian,0,0,humanitarian|telemetry_integrity|private_fragmented|60922,True,never_act,0.0,60922,0,0,0,694,0f15a1364702916c993b3a4ac17588b52a692fe6185e618382f79c2b90a6c8d6,raw/pilot_v3_reference/v6-pilot_v3_reference-humanitarian-telemetry_integrity-private_fragmented-e60922-never_act-c000-event_triggered/events.jsonl.gz,819e780be678d166acaceea095ff7f9d655004286a1895ba4d4c65fa963a8a26,1.1053957263571754,0,12,4,private_fragmented,0.0,0,0,0,0,0.0,0,telemetry_integrity,v6-pilot_v3_reference-humanitarian-telemetry_integrity-private_fragmented-e60922-never_act-c000-event_triggered,humanitarian_telemetry_integrity_family_2,4.287379322362708,0,25380,0.535206713634146,270,event_triggered,pilot_v3_reference,complete,8b3ba57d8c10c05f257acd7f2307c6b18c46b451e7dcacc49c9641bdf2330736,humanitarian_v6_topology_2,25380,270,0.3046066460083239
20,0,0,12,humanitarian,0,0,humanitarian|telemetry_integrity|private_fragmented|60923,True,never_act,0.0,60923,0,0,0,706,60e1b189efbf1819d8b4ba207465e05763a27a2f43d320f8501a7c95e289ebc6,raw/pilot_v3_reference/v6-pilot_v3_reference-humanitarian-telemetry_integrity-private_fragmented-e60923-never_act-c000-event_triggered/events.jsonl.gz,c5f6547cb702fc3d8e687bbe5fbd0e1037e03a1c7d36528a19127deca6f61d7a,1.1564110849147982,0,12,4,private_fragmented,0.0,0,0,0,0,0.0,0,telemetry_integrity,v6-pilot_v3_reference-humanitarian-telemetry_integrity-private_fragmented-e60923-never_act-c000-event_triggered,humanitarian_telemetry_integrity_family_2,4.540799202560195,0,26508,0.5758446037168861,282,event_triggered,pilot_v3_reference,complete,f3c7d6fd5be9813978071620ead0a14e17c020575e83dbca00da7606c76d1be7,humanitarian_v6_topology_3,26508,282,0.31190833798609674
20,0,0,12,humanitarian,0,0,humanitarian|telemetry_integrity|private_fragmented|60924,True,never_act,0.0,60924,0,0,0,692,5123a58aa05b64ff1ac911dcbda098faeff0648e71d73271bf262a3d03e582dd,raw/pilot_v3_reference/v6-pilot_v3_reference-humanitarian-telemetry_integrity-private_fragmented-e60924-never_act-c000-event_triggered/events.jsonl.gz,94823ec88838d743fb8c7bbeb6450fd3e03acc4e711640e8372671ce4f91d975,1.100193311936915,0,12,4,private_fragmented,0.0,0,0,0,0,0.0,0,telemetry_integrity,v6-pilot_v3_reference-humanitarian-telemetry_integrity-private_fragmented-e60924-never_act-c000-event_triggered,humanitarian_telemetry_integrity_family_3,3.9256953351918957,0,25192,0.5208232554998304,268,event_triggered,pilot_v3_reference,complete,fd94713ab007866033b45d09f9531a342c83eb99c8c7db43a174fd4afaa02838,humanitarian_v6_topology_0,25192,268,0.3096095939981751
20,0,0,12,humanitarian,0,0,humanitarian|telemetry_integrity|private_fragmented|60925,True,never_act,0.0,60925,0,0,0,684,7caa80921acf6e11ee559ad2b95c827490323b73fbe167534cd424b95c178ec5,raw/pilot_v3_reference/v6-pilot_v3_reference-humanitarian-telemetry_integrity-private_fragmented-e60925-never_act-c000-event_triggered/events.jsonl.gz,61c218a2bf923462d45a8af6c03df068f3917c83deaf3f905f6a11cafd0b199a,1.1203144853878664,0,12,4,private_fragmented,0.0,0,0,0,0,0.0,0,telemetry_integrity,v6-pilot_v3_reference-humanitarian-telemetry_integrity-private_fragmented-e60925-never_act-c000-event_triggered,humanitarian_telemetry_integrity_family_3,2.041219283792514,0,24440,0.5045825835017945,260,event_triggered,pilot_v3_reference,complete,40a2e3444b5383b0484d17008042b4068a737568286f805d0c5aab3ae4efec60,humanitarian_v6_topology_1,24440,260,0.30741449096240103
20,0,0,12,humanitarian,0,0,humanitarian|telemetry_integrity|public_shared|60921,True,never_act,0.0,60921,0,0,0,630,68632d2f0da7ddc49341c7416e61260d709bf2934fb87b0066dbda4d8472f46b,raw/pilot_v3_reference/v6-pilot_v3_reference-humanitarian-telemetry_integrity-public_shared-e60921-never_act-c000-event_triggered/events.jsonl.gz,62b0d7b5a3647a59390ff22d898aa0f0c5d7c167c87ea5a312c55a7883326481,1.1937772137498677,0,12,4,public_shared,0.0,0,0,0,0,0.0,0,telemetry_integrity,v6-pilot_v3_reference-humanitarian-telemetry_integrity-public_shared-e60921-never_act-c000-event_triggered,humanitarian_telemetry_integrity_family_2,3.8218059967981644,0,19364,0.4069099105627151,206,event_triggered,pilot_v3_reference,complete,f216c89876e9ef03a8f53e52d8047ea3cad010137541a4f36bd1b386f73d2fa0,humanitarian_v6_topology_1,19364,206,0.3044892030302435
20,0,0,12,humanitarian,0,0,humanitarian|telemetry_integrity|public_shared|60922,True,never_act,0.0,60922,0,0,0,654,58ae0c5e558671a0e1c1e7d3f6925725c9dc7a48e2032e7d44e50712674cbbc1,raw/pilot_v3_reference/v6-pilot_v3_reference-humanitarian-telemetry_integrity-public_shared-e60922-never_act-c000-event_triggered/events.jsonl.gz,56b273986fb2e13261beb59ce00c77996ad3521b47d39fe3a28ff7eceabe561d,1.2059434479918343,0,12,4,public_shared,0.0,0,0,0,0,0.0,0,telemetry_integrity,v6-pilot_v3_reference-humanitarian-telemetry_integrity-public_shared-e60922-never_act-c000-event_triggered,humanitarian_telemetry_integrity_family_2,3.406340763894425,0,21620,0.4502060244095344,230,event_triggered,pilot_v3_reference,complete,c773e39a4716a051f7901661b0c2730a8bbc10d5b37a5292503147614db1a000,humanitarian_v6_topology_2,21620,230,0.3122941020410508
20,0,0,12,humanitarian,0,0,humanitarian|telemetry_integrity|public_shared|60923,True,never_act,0.0,60923,0,0,0,656,0cb814f08789dc93acb576a5ff7a1fa0aeff8240c33300a6bef6461eb4c4c1e5,raw/pilot_v3_reference/v6-pilot_v3_reference-humanitarian-telemetry_integrity-public_shared-e60923-never_act-c000-event_triggered/events.jsonl.gz,ff7a8415fbc7a07d67bca52d43221ac880f80b992521bb31420345caeb568c26,1.1385825428881169,0,12,4,public_shared,0.0,0,0,0,0,0.0,0,telemetry_integrity,v6-pilot_v3_reference-humanitarian-telemetry_integrity-public_shared-e60923-never_act-c000-event_triggered,humanitarian_telemetry_integrity_family_2,5.247855224617894,0,21808,0.445013209673538,232,event_triggered,pilot_v3_reference,complete,5eabe411d89ab894baeccbb09050ade280552910881f45ef6f126cad4007b97e,humanitarian_v6_topology_3,21808,232,0.3005415740190074
20,0,0,12,humanitarian,0,0,humanitarian|telemetry_integrity|public_shared|60924,True,never_act,0.0,60924,0,0,0,664,b4736e5df957a6b52648e60cb19205e58894f1d0694fdc59ec58e03f26c5c984,raw/pilot_v3_reference/v6-pilot_v3_reference-humanitarian-telemetry_integrity-public_shared-e60924-never_act-c000-event_triggered/events.jsonl.gz,4bafaba6155a2e60724d0e09d06b05850e89e8bb69ee57bbb92b08e214c654c5,1.04193576666577,0,12,4,public_shared,0.0,0,0,0,0,0.0,0,telemetry_integrity,v6-pilot_v3_reference-humanitarian-telemetry_integrity-public_shared-e60924-never_act-c000-event_triggered,humanitarian_telemetry_integrity_family_3,3.4671615819950166,0,22560,0.4708184768691332,240,event_triggered,pilot_v3_reference,complete,1ab63be3a010b30e9bee4aed04d7ff85bc83900e3b8a701eb98ba3d35dd692b8,humanitarian_v6_topology_0,22560,240,0.2929447640199214
20,0,0,12,humanitarian,0,0,humanitarian|telemetry_integrity|public_shared|60925,True,never_act,0.0,60925,0,0,0,662,58ed2c0fc959557f34dcdf77c735a8bec62c44689a86f08de7ba4d155b828b38,raw/pilot_v3_reference/v6-pilot_v3_reference-humanitarian-telemetry_integrity-public_shared-e60925-never_act-c000-event_triggered/events.jsonl.gz,77856811e3944ac01b283d5953ee80486328114ca770006e6fdab7a4fa0039aa,1.1788707596474257,0,12,4,public_shared,0.0,0,0,0,0,0.0,0,telemetry_integrity,v6-pilot_v3_reference-humanitarian-telemetry_integrity-public_shared-e60925-never_act-c000-event_triggered,humanitarian_telemetry_integrity_family_3,5.07219034558983,0,22372,0.46122712253762815,238,event_triggered,pilot_v3_reference,complete,52e9ea4e9b8564c2f5fa55fa25bbd2f7d0c260d276929291ec1dacae2cf25636,humanitarian_v6_topology_1,22372,238,0.3088238640339114
20,0,0,12,utility_restoration,0,0,utility_restoration|compound|private_fragmented|60921,True,never_act,0.0,60921,0,0,0,644,77fe07cc5002732a4ddfee07e77a8f4c5d69fa707e0bbbfdcedffda030fb90ac,raw/pilot_v3_reference/v6-pilot_v3_reference-utility_restoration-compound-private_fragmented-e60921-never_act-c000-event_triggered/events.jsonl.gz,f6c7403950d939453259f41ae8fc2a199712a6688d41cf472d1f4d377f0600af,1.724809669762636,0,12,4,private_fragmented,0.0,0,0,0,0,0.0,0,compound,v6-pilot_v3_reference-utility_restoration-compound-private_fragmented-e60921-never_act-c000-event_triggered,utility_restoration_compound_family_2,5.5410308959871095,0,20680,0.42639351784507434,220,event_triggered,pilot_v3_reference,complete,1bf8e1b5ffdb2e68e2d0b71c9c5b7c5a5b788c974c3c2c661cbd3d9ac0ab87ab,utility_restoration_v6_topology_1,20680,220,0.29431843396741897
20,0,0,12,utility_restoration,0,0,utility_restoration|compound|private_fragmented|60922,True,never_act,0.0,60922,0,0,0,667,a02ad4317c673e42655b3ce7f563b8594b595534fb643bec5b47ef9ece75959c,raw/pilot_v3_reference/v6-pilot_v3_reference-utility_restoration-compound-private_fragmented-e60922-never_act-c000-event_triggered/events.jsonl.gz,7f702f1f171751dab8b0005afcf3b00fcdeda79a6b5c296c76c722d20ec1db77,1.7384690145327926,0,12,4,private_fragmented,0.0,0,0,0,0,0.0,0,compound,v6-pilot_v3_reference-utility_restoration-compound-private_fragmented-e60922-never_act-c000-event_triggered,utility_restoration_compound_family_2,5.179434056637385,0,22842,0.481777426752303,243,event_triggered,pilot_v3_reference,complete,939ddf59bdcdd02b70a76c9531f0abe14f41514f148937c13c732885ec5c7551,utility_restoration_v6_topology_2,22842,243,0.30583306698827073
20,0,0,12,utility_restoration,0,0,utility_restoration|compound|private_fragmented|60923,True,never_act,0.0,60923,0,0,0,657,8df980871c878f106d5a684373e34f27db0028424669aa9cd48ce1115c6dcd9e,raw/pilot_v3_reference/v6-pilot_v3_reference-utility_restoration-compound-private_fragmented-e60923-never_act-c000-event_triggered/events.jsonl.gz,8a1d5084bddcebca3014c19b5b1a44081b71027702159c5f8ca598c59095766b,1.5019163301664356,0,12,4,private_fragmented,0.0,0,0,0,0,0.0,0,compound,v6-pilot_v3_reference-utility_restoration-compound-private_fragmented-e60923-never_act-c000-event_triggered,utility_restoration_compound_family_2,5.453094522763777,0,21902,0.4416621369253352,233,event_triggered,pilot_v3_reference,complete,3c13e3392e335d0b30e0aa75ef4272993efc9478f39929a008c9fb54053458a5,utility_restoration_v6_topology_3,21902,233,0.3012416050187312
20,0,0,12,utility_restoration,0,0,utility_restoration|compound|private_fragmented|60924,True,never_act,0.0,60924,0,0,0,630,0407eb97e4cd88ac1dc1d6efeb5b3e92934422ca75bddd524fe6da94e63de9a3,raw/pilot_v3_reference/v6-pilot_v3_reference-utility_restoration-compound-private_fragmented-e60924-never_act-c000-event_triggered/events.jsonl.gz,52f4a13e761310ee99926dc13bfc033621a9c1a3d391e2eb59bde377e8c4dd73,1.5572555118380018,0,12,4,private_fragmented,0.0,0,0,0,0,0.0,0,compound,v6-pilot_v3_reference-utility_restoration-compound-private_fragmented-e60924-never_act-c000-event_triggered,utility_restoration_compound_family_3,5.221061051223145,0,19364,0.41003495401824297,206,event_triggered,pilot_v3_reference,complete,8fd35d32c3512f4f87337699dfec6962edb41336644b6542de2a14cfba43ac6d,utility_restoration_v6_topology_0,19364,206,0.2998125570011325
20,0,0,12,utility_restoration,0,0,utility_restoration|compound|private_fragmented|60925,True,never_act,0.0,60925,0,0,0,654,85c9ff82815b88fded81a944e23c5b05d4dc4768becb617695654012f19d336a,raw/pilot_v3_reference/v6-pilot_v3_reference-utility_restoration-compound-private_fragmented-e60925-never_act-c000-event_triggered/events.jsonl.gz,2acb6c23dd6d91971be401ab1d189f589a8bd52cbf7c0971a6f38e786c6b77a8,2.061808590662795,0,12,4,private_fragmented,0.0,0,0,0,0,0.0,0,compound,v6-pilot_v3_reference-utility_restoration-compound-private_fragmented-e60925-never_act-c000-event_triggered,utility_restoration_compound_family_3,6.511667976705338,0,21620,0.4603306001188114,230,event_triggered,pilot_v3_reference,complete,065a25a7fba534e58c33a95d4b1ef5030bd0e678e75ef0d5b724d8dcb290a7cb,utility_restoration_v6_topology_1,21620,230,0.30737078201491386
20,0,0,12,utility_restoration,0,0,utility_restoration|compound|public_shared|60921,True,never_act,0.0,60921,0,0,0,588,963bdc4d89780b51c934b87fc5cf025e42621d93702cb60a700d6d7ca1fd4f8a,raw/pilot_v3_reference/v6-pilot_v3_reference-utility_restoration-compound-public_shared-e60921-never_act-c000-event_triggered/events.jsonl.gz,ef9d2c7ae8e9ae66f6ba5d04b80f60f0ed5d300f18798c4408de969052752f43,1.755885995137704,0,12,4,public_shared,0.0,0,0,0,0,0.0,0,compound,v6-pilot_v3_reference-utility_restoration-compound-public_shared-e60921-never_act-c000-event_triggered,utility_restoration_compound_family_2,4.277799779845962,0,15416,0.3248349479467715,164,event_triggered,pilot_v3_reference,complete,007e8963800459cfc3db3ceb900d3e23f27593de4fd5b86e9e119d3efc1c4275,utility_restoration_v6_topology_1,15416,164,0.28378643601899967
20,0,0,12,utility_restoration,0,0,utility_restoration|compound|public_shared|60922,True,never_act,0.0,60922,0,0,0,654,f135cda5602c238591bb92c7fa809b13d3295745bfb932e626efab166c259f2c,raw/pilot_v3_reference/v6-pilot_v3_reference-utility_restoration-compound-public_shared-e60922-never_act-c000-event_triggered/events.jsonl.gz,3ded7a83637928d6c3bde96f53d55f15f156f3efcb9bce6d6c99f6b1faf8a443,1.64961891064211,0,12,4,public_shared,0.0,0,0,0,0,0.0,0,compound,v6-pilot_v3_reference-utility_restoration-compound-public_shared-e60922-never_act-c000-event_triggered,utility_restoration_compound_family_2,6.148480578802481,0,21620,0.4643413290573831,230,event_triggered,pilot_v3_reference,complete,b274c0abb925a8c023c1701f214e58fa3956631929759039d127d532ad3396c4,utility_restoration_v6_topology_2,21620,230,0.3014960400178097
20,0,0,12,utility_restoration,0,0,utility_restoration|compound|public_shared|60923,True,never_act,0.0,60923,0,0,0,580,2b16deb34a561626c201bac234dc1c4f12db61475f4baf3207158d0d582c94c4,raw/pilot_v3_reference/v6-pilot_v3_reference-utility_restoration-compound-public_shared-e60923-never_act-c000-event_triggered/events.jsonl.gz,d6b15bf6af19acff373c00460787451b1f232b59d96a95e5b8280bf8d8e8e803,1.597520773597726,0,12,4,public_shared,0.0,0,0,0,0,0.0,0,compound,v6-pilot_v3_reference-utility_restoration-compound-public_shared-e60923-never_act-c000-event_triggered,utility_restoration_compound_family_2,3.466955506502238,0,14664,0.30586777635190066,156,event_triggered,pilot_v3_reference,complete,457085663ed8c57ddfb25c545d2191a078e65b36cdaf0494ab4f5bc407ac9d16,utility_restoration_v6_topology_3,14664,156,0.28632460202788934
20,0,0,12,utility_restoration,0,0,utility_restoration|compound|public_shared|60924,True,never_act,0.0,60924,0,0,0,590,1940e5d0ed580b1dbc98c907d6b50ade455f92d9b669394e8f0f1dcf25adbefe,raw/pilot_v3_reference/v6-pilot_v3_reference-utility_restoration-compound-public_shared-e60924-never_act-c000-event_triggered/events.jsonl.gz,d0aba27d4a293acdc04232f0f06e24b96c3077fd5c6e07212941f0061c2e36cf,1.476130726607965,0,12,4,public_shared,0.0,0,0,0,0,0.0,0,compound,v6-pilot_v3_reference-utility_restoration-compound-public_shared-e60924-never_act-c000-event_triggered,utility_restoration_compound_family_3,4.0614764303290265,0,15604,0.32494139661067234,166,event_triggered,pilot_v3_reference,complete,a4c334be46c73d48d8cb286ff9885b739fe4e14da0320f20dfad427845ab9219,utility_restoration_v6_topology_0,15604,166,0.2827713200240396
20,0,0,12,utility_restoration,0,0,utility_restoration|compound|public_shared|60925,True,never_act,0.0,60925,0,0,0,610,72d6a2251de29ad67d634b517d3948a59206fc730fdbe7136c8ccd10f9e12a34,raw/pilot_v3_reference/v6-pilot_v3_reference-utility_restoration-compound-public_shared-e60925-never_act-c000-event_triggered/events.jsonl.gz,02f4a59f08ae70fe1ed52dafc334c6e34e4fb53194d54f0a5158634a72deca5c,1.8725059748722739,0,12,4,public_shared,0.0,0,0,0,0,0.0,0,compound,v6-pilot_v3_reference-utility_restoration-compound-public_shared-e60925-never_act-c000-event_triggered,utility_restoration_compound_family_3,7.2291379031953165,0,17484,0.37590807215177874,186,event_triggered,pilot_v3_reference,complete,1ccce1e53f66e7d46e4eb9cb4c10a099eae2d7f361a8c7dd309d00dd1f4d45ae,utility_restoration_v6_topology_1,17484,186,0.2921954559860751
20,0,0,12,utility_restoration,0,0,utility_restoration|partition|private_fragmented|60921,True,never_act,0.0,60921,0,0,0,546,65929de8073017a6206216001db32ce3af5fadf8e081f86fe4aab6b6979bf924,raw/pilot_v3_reference/v6-pilot_v3_reference-utility_restoration-partition-private_fragmented-e60921-never_act-c000-event_triggered/events.jsonl.gz,780aef59de7a2c633e579af926e90aa351b2715e1cadfc78f3eb1b83860c894c,1.115852220037074,0,12,4,private_fragmented,0.0,0,0,0,0,0.0,0,partition,v6-pilot_v3_reference-utility_restoration-partition-private_fragmented-e60921-never_act-c000-event_triggered,utility_restoration_partition_family_2,3.9295578953386543,0,11468,0.2404165774575283,122,event_triggered,pilot_v3_reference,complete,1ea9b2a8880c7997e72d9df5c69176d1719e022dc6252f8b882654b3bcdb57e4,utility_restoration_v6_topology_1,11468,122,0.27284921501995996
20,0,0,12,utility_restoration,0,0,utility_restoration|partition|private_fragmented|60922,True,never_act,0.0,60922,0,0,0,550,a4b420578dcb697c582aa9e80b2361443c2714bf960169f475432dfc2104d7b9,raw/pilot_v3_reference/v6-pilot_v3_reference-utility_restoration-partition-private_fragmented-e60922-never_act-c000-event_triggered/events.jsonl.gz,ed9f8a9330dcbf3141dcaed1df50171df1359b6b45955c3f6704999c7a6ebca6,1.0017318600007898,0,12,4,private_fragmented,0.0,0,0,0,0,0.0,0,partition,v6-pilot_v3_reference-utility_restoration-partition-private_fragmented-e60922-never_act-c000-event_triggered,utility_restoration_partition_family_2,3.2701730225677887,0,11844,0.23966674536842122,126,event_triggered,pilot_v3_reference,complete,c306623431ae736d80b7a4b14cb24aded0f7bc1e28b12deb3193b9197beb3a58,utility_restoration_v6_topology_2,11844,126,0.26939970202511176
20,0,0,12,utility_restoration,0,0,utility_restoration|partition|private_fragmented|60923,True,never_act,0.0,60923,0,0,0,548,731870ef0f8963de83f98e2f724e5f4e2765a2090694c8e9608c87412c7d83fe,raw/pilot_v3_reference/v6-pilot_v3_reference-utility_restoration-partition-private_fragmented-e60923-never_act-c000-event_triggered/events.jsonl.gz,5be0c7f47fe7cbf37a5d9e4f011b4a7fef021b7cb0f27b637f3f42e030d4852c,1.1262271400947934,0,12,4,private_fragmented,0.0,0,0,0,0,0.0,0,partition,v6-pilot_v3_reference-utility_restoration-partition-private_fragmented-e60923-never_act-c000-event_triggered,utility_restoration_partition_family_2,3.209157118700819,0,11656,0.2604831669611476,124,event_triggered,pilot_v3_reference,complete,77fb8456686d116327ee4d0f9ce9a81232b796b916f5f18b10f517ea7211b9b5,utility_restoration_v6_topology_3,11656,124,0.27058685600059107
20,0,0,12,utility_restoration,0,0,utility_restoration|partition|private_fragmented|60924,True,never_act,0.0,60924,0,0,0,546,d9ea437071ee7ea8e2004b1b5f62fa869783f60198c7a7d372918ce2cef8a751,raw/pilot_v3_reference/v6-pilot_v3_reference-utility_restoration-partition-private_fragmented-e60924-never_act-c000-event_triggered/events.jsonl.gz,aa959adf628744137dace252d574e0e53e315205178cfbb7ea5e687a5ce72809,1.2421961015774234,0,12,4,private_fragmented,0.0,0,0,0,0,0.0,0,partition,v6-pilot_v3_reference-utility_restoration-partition-private_fragmented-e60924-never_act-c000-event_triggered,utility_restoration_partition_family_3,5.490272147586919,0,11468,0.24483610062851782,122,event_triggered,pilot_v3_reference,complete,17d3e7cff2857bb6fcb53218a69be09449c7e93d411078a87cae14789b4dac29,utility_restoration_v6_topology_0,11468,122,0.2773250970058143
20,0,0,12,utility_restoration,0,0,utility_restoration|partition|private_fragmented|60925,True,never_act,0.0,60925,0,0,0,548,7a2e3ebfc362d19aca2761942ac25523ed3503d071c4d528e43dc879ffbe13e1,raw/pilot_v3_reference/v6-pilot_v3_reference-utility_restoration-partition-private_fragmented-e60925-never_act-c000-event_triggered/events.jsonl.gz,454387a22da82234cf33bd3c89fb23708becc9ef0cc833c37f85c43d3d3234c4,1.046822526958725,0,12,4,private_fragmented,0.0,0,0,0,0,0.0,0,partition,v6-pilot_v3_reference-utility_restoration-partition-private_fragmented-e60925-never_act-c000-event_triggered,utility_restoration_partition_family_3,2.9451115140191826,0,11656,0.2422520944772994,124,event_triggered,pilot_v3_reference,complete,3011389b60c75bd8b78af101dafd93878a90d002fc0939b332428544635d3d60,utility_restoration_v6_topology_1,11656,124,0.2728982209810056
20,0,0,12,utility_restoration,0,0,utility_restoration|partition|public_shared|60921,True,never_act,0.0,60921,0,0,0,533,8da505ad738bc358ebcbb31902cdb04328d81ddae4e501bfe4742abf654da717,raw/pilot_v3_reference/v6-pilot_v3_reference-utility_restoration-partition-public_shared-e60921-never_act-c000-event_triggered/events.jsonl.gz,a0744d344e543a8b20c7bb65f21b4a4c29d48acd791dfd6720c259c08d688012,1.0431475402281651,0,12,4,public_shared,0.0,0,0,0,0,0.0,0,partition,v6-pilot_v3_reference-utility_restoration-partition-public_shared-e60921-never_act-c000-event_triggered,utility_restoration_partition_family_2,4.199747749302585,0,10246,0.21816638299864835,109,event_triggered,pilot_v3_reference,complete,7cf071b187a4d6ce713e7f6b5ef285943589d5825d7c36bf006ac1892611839c,utility_restoration_v6_topology_1,10246,109,0.27031553897541016
20,0,0,12,utility_restoration,0,0,utility_restoration|partition|public_shared|60922,True,never_act,0.0,60922,0,0,0,535,492a9fb5e13f4a303fc6e89b02d98118897d407a32f693839aa408176c2216f4,raw/pilot_v3_reference/v6-pilot_v3_reference-utility_restoration-partition-public_shared-e60922-never_act-c000-event_triggered/events.jsonl.gz,2b3d931dcfafdef38289e86ea6b47522217215f64c37f17bd6812be6ac73ab1c,0.9841100750243603,0,12,4,public_shared,0.0,0,0,0,0,0.0,0,partition,v6-pilot_v3_reference-utility_restoration-partition-public_shared-e60922-never_act-c000-event_triggered,utility_restoration_partition_family_2,3.9684824011605793,0,10434,0.2175327370461057,111,event_triggered,pilot_v3_reference,complete,6c4f7520afa39e5f8db13177cfd64dc26c79d7a90fe93e391ed1d4e006f82010,utility_restoration_v6_topology_2,10434,111,0.2696245720144361
20,0,0,12,utility_restoration,0,0,utility_restoration|partition|public_shared|60923,True,never_act,0.0,60923,0,0,0,537,6eaeed6ff10b5d03292e40544e789d37703c38bd94e55e4f426917106ac4407f,raw/pilot_v3_reference/v6-pilot_v3_reference-utility_restoration-partition-public_shared-e60923-never_act-c000-event_triggered/events.jsonl.gz,31040f28e5cc4db4aec3c5ae42913939224b4073f71b3047587424ff02b0c02a,1.1911105183307358,0,12,4,public_shared,0.0,0,0,0,0,0.0,0,partition,v6-pilot_v3_reference-utility_restoration-partition-public_shared-e60923-never_act-c000-event_triggered,utility_restoration_partition_family_2,5.1330562306166305,0,10622,0.2256633054519666,113,event_triggered,pilot_v3_reference,complete,ae6bdc84423828fac76f0cde390b9bc4e4d5e9df96ca349fa5f1331b4b0ff0b9,utility_restoration_v6_topology_3,10622,113,0.2813070379779674
20,0,0,12,utility_restoration,0,0,utility_restoration|partition|public_shared|60924,True,never_act,0.0,60924,0,0,0,525,566e50d58f860ed8f2a61f85cff9fea0f6b358b7cbf1838a8f2991934f8679d7,raw/pilot_v3_reference/v6-pilot_v3_reference-utility_restoration-partition-public_shared-e60924-never_act-c000-event_triggered/events.jsonl.gz,8242f567858ee4c6df125e9f508a79afb1d2ee8cc3367a91d68b10942872225f,1.3239542007667504,0,12,4,public_shared,0.0,0,0,0,0,0.0,0,partition,v6-pilot_v3_reference-utility_restoration-partition-public_shared-e60924-never_act-c000-event_triggered,utility_restoration_partition_family_3,3.3275997147532865,0,9494,0.1954247242204908,101,event_triggered,pilot_v3_reference,complete,80ca366a67b4eddc82f21e45148d9c629ecc8ad37bf37b9411fe84efaf45b918,utility_restoration_v6_topology_0,9494,101,0.2688396609737538
20,0,0,12,utility_restoration,0,0,utility_restoration|partition|public_shared|60925,True,never_act,0.0,60925,0,0,0,530,de4043c6c1f2b2683ad819ed0d5ec9b4e29d0a86526ab39be6b12fffbf564713,raw/pilot_v3_reference/v6-pilot_v3_reference-utility_restoration-partition-public_shared-e60925-never_act-c000-event_triggered/events.jsonl.gz,c345e71f90399cb40b2544e206d95c5e43fbc4e62fba2833c5bbc38e45811f0f,1.334784459390579,0,12,4,public_shared,0.0,0,0,0,0,0.0,0,partition,v6-pilot_v3_reference-utility_restoration-partition-public_shared-e60925-never_act-c000-event_triggered,utility_restoration_partition_family_3,4.5738924582830816,0,9964,0.21081051633324405,106,event_triggered,pilot_v3_reference,complete,9fb500f9016deedd704623c74e24de737f8f57703f06da02c51b50b89211b1c5,utility_restoration_v6_topology_1,9964,106,0.2636058080242947
20,0,0,12,utility_restoration,0,0,utility_restoration|telemetry_integrity|private_fragmented|60921,True,never_act,0.0,60921,0,0,0,692,b153f4789f82e5575c5ac5576247c43a3b1e709f8ab86c08084804b2afc8a049,raw/pilot_v3_reference/v6-pilot_v3_reference-utility_restoration-telemetry_integrity-private_fragmented-e60921-never_act-c000-event_triggered/events.jsonl.gz,993dd545ad1ee1b0cf7a51fbd7b8c742ba5fe16b0f08281a14748133146db26f,0.9506631805372203,0,12,4,private_fragmented,0.0,0,0,0,0,0.0,0,telemetry_integrity,v6-pilot_v3_reference-utility_restoration-telemetry_integrity-private_fragmented-e60921-never_act-c000-event_triggered,utility_restoration_telemetry_integrity_family_2,2.5543591174830476,0,25192,0.5310122266142497,268,event_triggered,pilot_v3_reference,complete,edb977e23852c16d4be1c5f433efdfca9cf238a2fcc0badb4b492005e23a92e4,utility_restoration_v6_topology_1,25192,268,0.3085220030043274
20,0,0,12,utility_restoration,0,0,utility_restoration|telemetry_integrity|private_fragmented|60922,True,never_act,0.0,60922,0,0,0,690,11cce032c8a820f64d6a829f5bd6c11efb555b9067dd6cc91b84b25d75cc9260,raw/pilot_v3_reference/v6-pilot_v3_reference-utility_restoration-telemetry_integrity-private_fragmented-e60922-never_act-c000-event_triggered/events.jsonl.gz,ba53a6720389fc7f19baaaf51b4bc124eb9770aadf4bf9e8dfe7013fdca17557,1.1014479349071453,0,12,4,private_fragmented,0.0,0,0,0,0,0.0,0,telemetry_integrity,v6-pilot_v3_reference-utility_restoration-telemetry_integrity-private_fragmented-e60922-never_act-c000-event_triggered,utility_restoration_telemetry_integrity_family_2,5.333315200236285,0,25004,0.5247504891144504,266,event_triggered,pilot_v3_reference,complete,5fd13cce2996bb42c0bb922f14f4b737beb2a9941a82cb4d55be3a0994faac0e,utility_restoration_v6_topology_2,25004,266,0.3111512520117685
20,0,0,12,utility_restoration,0,0,utility_restoration|telemetry_integrity|private_fragmented|60923,True,never_act,0.0,60923,0,0,0,700,665d9748d2e4f6fb9d6ceed9f526e4906ca228a203903cab7cdbf276e4c6d44b,raw/pilot_v3_reference/v6-pilot_v3_reference-utility_restoration-telemetry_integrity-private_fragmented-e60923-never_act-c000-event_triggered/events.jsonl.gz,844afe565ea1d9d781fc0853389485ad4da59c5f1c3ce0b808cc0cc9f1711c76,0.9441129147044482,0,12,4,private_fragmented,0.0,0,0,0,0,0.0,0,telemetry_integrity,v6-pilot_v3_reference-utility_restoration-telemetry_integrity-private_fragmented-e60923-never_act-c000-event_triggered,utility_restoration_telemetry_integrity_family_2,2.875359811740283,0,25944,0.5063543159256214,276,event_triggered,pilot_v3_reference,complete,f7b10d2a2f5df44480da3c8dc3403279dd6c16d8b3872e7f7569b0f021d14393,utility_restoration_v6_topology_3,25944,276,0.30664995103143156
20,0,0,12,utility_restoration,0,0,utility_restoration|telemetry_integrity|private_fragmented|60924,True,never_act,0.0,60924,0,0,0,698,cd2fa9922063ea7e7edb0a687140deec16a4bfc2c0ba02d86a07fa82e359cbd2,raw/pilot_v3_reference/v6-pilot_v3_reference-utility_restoration-telemetry_integrity-private_fragmented-e60924-never_act-c000-event_triggered/events.jsonl.gz,701428486b7338ada19641cf60341a03ad2fa75e816abe4cbffb172c467deddc,1.239999874322149,0,12,4,private_fragmented,0.0,0,0,0,0,0.0,0,telemetry_integrity,v6-pilot_v3_reference-utility_restoration-telemetry_integrity-private_fragmented-e60924-never_act-c000-event_triggered,utility_restoration_telemetry_integrity_family_3,4.265192090914444,0,25756,0.5165962231893168,274,event_triggered,pilot_v3_reference,complete,2acd9cfd7c83d673bb30d7e9e6242e5e1c5d9c06419249aafd16b66c9215a37a,utility_restoration_v6_topology_0,25756,274,0.3200116200023331
20,0,0,12,utility_restoration,0,0,utility_restoration|telemetry_integrity|private_fragmented|60925,True,never_act,0.0,60925,0,0,0,700,aeded6894394a7dbc38937451e11969461919b2bd5c3ad0da587e73d9fe2267d,raw/pilot_v3_reference/v6-pilot_v3_reference-utility_restoration-telemetry_integrity-private_fragmented-e60925-never_act-c000-event_triggered/events.jsonl.gz,a0ba09b369e211c862481a1542abac03e03197183dce7b0de8e51b22de122c9b,1.273434584471063,0,12,4,private_fragmented,0.0,0,0,0,0,0.0,0,telemetry_integrity,v6-pilot_v3_reference-utility_restoration-telemetry_integrity-private_fragmented-e60925-never_act-c000-event_triggered,utility_restoration_telemetry_integrity_family_3,5.679809651402731,0,25944,0.5467018505468708,276,event_triggered,pilot_v3_reference,complete,a9b0cfdc350544bb5d5a907c3be7df58a742e8cf1c664b7dc53b463dfbdb924c,utility_restoration_v6_topology_1,25944,276,0.3060652839485556
20,0,0,12,utility_restoration,0,0,utility_restoration|telemetry_integrity|public_shared|60921,True,never_act,0.0,60921,0,0,0,662,2a0179511562ce48b97c17fa5ac146b0fbed2d68192ca8fd1af4150fc2a9f65a,raw/pilot_v3_reference/v6-pilot_v3_reference-utility_restoration-telemetry_integrity-public_shared-e60921-never_act-c000-event_triggered/events.jsonl.gz,6a9fdd8a0e133fce8056f88f35516dfad1b229a13da2e27cd711eec710a397f3,1.0722850360729115,0,12,4,public_shared,0.0,0,0,0,0,0.0,0,telemetry_integrity,v6-pilot_v3_reference-utility_restoration-telemetry_integrity-public_shared-e60921-never_act-c000-event_triggered,utility_restoration_telemetry_integrity_family_2,2.827622499929867,0,22372,0.4701862953123864,238,event_triggered,pilot_v3_reference,complete,ea00175f2bc5e788141b65245de64a1d9c6aad2aab0040ab901b6413f5416adf,utility_restoration_v6_topology_1,22372,238,0.2933563709957525
20,0,0,12,utility_restoration,0,0,utility_restoration|telemetry_integrity|public_shared|60922,True,never_act,0.0,60922,0,0,0,612,a52a64bcbddc92efe25cc4bdb4c7934898a2f3c9650c4c388192d96b88cb974f,raw/pilot_v3_reference/v6-pilot_v3_reference-utility_restoration-telemetry_integrity-public_shared-e60922-never_act-c000-event_triggered/events.jsonl.gz,bb94281fbc1269efd5d04f2f6efdea638b230f3d31dee1f89bd734453cb3bf90,1.2090196078168822,0,12,4,public_shared,0.0,0,0,0,0,0.0,0,telemetry_integrity,v6-pilot_v3_reference-utility_restoration-telemetry_integrity-public_shared-e60922-never_act-c000-event_triggered,utility_restoration_telemetry_integrity_family_2,4.609438250380263,0,17672,0.3706714370895623,188,event_triggered,pilot_v3_reference,complete,0989fe652a00b8cbb6718a9848f9241ad103473f1ab6f72becd89942fff0b0e8,utility_restoration_v6_topology_2,17672,188,0.2905925909872167
20,0,0,12,utility_restoration,0,0,utility_restoration|telemetry_integrity|public_shared|60923,True,never_act,0.0,60923,0,0,0,644,a467e2a324c040818a6041c2d0ae4c120d7749d6e68f80ae63b0ab999775199f,raw/pilot_v3_reference/v6-pilot_v3_reference-utility_restoration-telemetry_integrity-public_shared-e60923-never_act-c000-event_triggered/events.jsonl.gz,9900b487df48c9c223adf988ac3636df3d2bc813d5f0156743ca0fa68c725801,1.165981525521506,0,12,4,public_shared,0.0,0,0,0,0,0.0,0,telemetry_integrity,v6-pilot_v3_reference-utility_restoration-telemetry_integrity-public_shared-e60923-never_act-c000-event_triggered,utility_restoration_telemetry_integrity_family_2,3.9440328939657707,0,20680,0.457428996009719,220,event_triggered,pilot_v3_reference,complete,e45297b9486f747e3b8bad9a20e4fbdbacf3374917d54de66062051517d3c26a,utility_restoration_v6_topology_3,20680,220,0.30244660895550624
20,0,0,12,utility_restoration,0,0,utility_restoration|telemetry_integrity|public_shared|60924,True,never_act,0.0,60924,0,0,0,644,2b49f3eba5c3f200935a9a6a4069f96df0a4b3092463bad5f17567ad10262c9c,raw/pilot_v3_reference/v6-pilot_v3_reference-utility_restoration-telemetry_integrity-public_shared-e60924-never_act-c000-event_triggered/events.jsonl.gz,6b1275f3e6568e7596c0b4f7759b23977e5e0ff6cd80084956aa35d6e8a214b4,1.0670545284645958,0,12,4,public_shared,0.0,0,0,0,0,0.0,0,telemetry_integrity,v6-pilot_v3_reference-utility_restoration-telemetry_integrity-public_shared-e60924-never_act-c000-event_triggered,utility_restoration_telemetry_integrity_family_3,4.13243457825229,0,20680,0.4240843999459466,220,event_triggered,pilot_v3_reference,complete,8b8461f2e6c4eff4ab4f7fab15f42630a50cdb419499288d7039e037c86be2e2,utility_restoration_v6_topology_0,20680,220,0.3145237599965185
20,0,0,12,utility_restoration,0,0,utility_restoration|telemetry_integrity|public_shared|60925,True,never_act,0.0,60925,0,0,0,674,77174ae0706162e8aea3c5b3ac85ea700fba6aa754074e7858d6807f8d456de9,raw/pilot_v3_reference/v6-pilot_v3_reference-utility_restoration-telemetry_integrity-public_shared-e60925-never_act-c000-event_triggered/events.jsonl.gz,1dcf1b0255e2b4cf3407167d67c003bbc283efef210c90a19a9fbc2bd891231e,1.3718031590598863,0,12,4,public_shared,0.0,0,0,0,0,0.0,0,telemetry_integrity,v6-pilot_v3_reference-utility_restoration-telemetry_integrity-public_shared-e60925-never_act-c000-event_triggered,utility_restoration_telemetry_integrity_family_3,4.805419568717297,0,23500,0.48453887267654416,250,event_triggered,pilot_v3_reference,complete,2666afddaf0fececdee40ee3ac2b041a22b88df75ca294fc31963e7ed872a694,utility_restoration_v6_topology_1,23500,250,0.3046873960411176
