application,time,independent_n,belief_order_mean,belief_order_ci_low,belief_order_ci_high,action_order_mean,action_order_ci_low,action_order_ci_high,belief_action_consistency_mean,belief_action_consistency_ci_low,belief_action_consistency_ci_high,belief_entropy_mean,belief_entropy_ci_low,belief_entropy_ci_high,action_entropy_mean,action_entropy_ci_low,action_entropy_ci_high,entropy_flow_per_update_mean,entropy_flow_per_update_ci_low,entropy_flow_per_update_ci_high,workload_density_mean,workload_density_ci_low,workload_density_ci_high,service_loss_mean,service_loss_ci_low,service_loss_ci_high,cascade_depth_mean,cascade_depth_ci_low,cascade_depth_ci_high,activity_mean,activity_ci_low,activity_ci_high
utility,0,8,-0.171875,-0.3404119025,-0.003338097513,-0.859375,-0.9042054096,-0.8145445904,0.2109375,0.06741015885,0.3544648411,0.9391980055,0.884531614,0.9938643969,0.3566572322,0.272326467,0.4409879975,0.04086805928,-0.00387928243,0.08561540098,0,0,0,0,0,0,0,0,0,0.287109375,0.2615930994,0.3126256506
utility,1,8,-0.40625,-0.5743889399,-0.2381110601,-0.79296875,-0.8519197443,-0.7340177557,0.37109375,0.2803652262,0.4618222738,0.8305041082,0.7112620514,0.949746165,0.4674907265,0.3750898424,0.5598916106,0.03897739928,-0.007987822386,0.08594262094,0,0,0,0,0,0,0,0,0,0.2509765625,0.2212623219,0.2806908031
utility,2,8,-0.515625,-0.6772633405,-0.3539866595,-0.69140625,-0.7727933039,-0.6100191961,0.46484375,0.3903321567,0.5393553433,0.752121107,0.627408377,0.8768338369,0.6035724518,0.5033119892,0.7038329145,0.01827029839,-0.01067409673,0.0472146935,0,0,0,0,0,0,0,0,0,0.25,0.2115006215,0.2884993785
utility,3,8,-0.5625,-0.7182278776,-0.4067721224,-0.72265625,-0.7925279586,-0.6527845414,0.51171875,0.4198893342,0.6035481658,0.7153026468,0.608148961,0.8224563327,0.5676042717,0.4787837259,0.6564248176,0.03395051386,-0.00718688074,0.07508790845,0,0,0,0,0,0,0,0,0,0.240234375,0.2001629513,0.2803057987
utility,4,8,-0.625,-0.7966873976,-0.4533126024,-0.65625,-0.7321534131,-0.5803465869,0.5234375,0.3808467257,0.6660282743,0.6428094849,0.5292126153,0.7564063545,0.6498482527,0.5767857936,0.7229107117,0.01509890864,-0.02518011034,0.05537792762,0,0,0,0,0,0,0,0,0,0.2060546875,0.1768377915,0.2352715835
utility,5,8,-0.76171875,-0.9380026148,-0.5854348852,-0.640625,-0.7165284131,-0.5647215869,0.59765625,0.5179324531,0.6773800469,0.4493359041,0.2730705431,0.6256012651,0.6669844122,0.5892121031,0.7447567212,0.06102741648,0.004426614735,0.1176282182,0,0,0,0,0,0,0,0,0,0.2099609375,0.174115586,0.245806289
utility,6,8,-0.76953125,-0.923501573,-0.615560927,-0.69140625,-0.811942264,-0.570870236,0.640625,0.5473030606,0.7339469394,0.4542067912,0.2896928218,0.6187207606,0.5859065419,0.4531779487,0.7186351351,0.01749546295,-0.02506232027,0.06005324617,0,0,0,0,0,0,0,0,0,0.1923828125,0.1678388456,0.2169267794
utility,7,8,-0.77734375,-0.9659292148,-0.5887582852,-0.66796875,-0.7865435591,-0.5493939409,0.6171875,0.5112573749,0.7231176251,0.413411414,0.2273260363,0.5994967917,0.6147912599,0.4784529299,0.75112959,0.0006965381413,-0.02920639904,0.03059947532,0,0,0,0,0,0,0,0,0,0.18359375,0.1287642469,0.2384232531
utility,8,8,-0.77734375,-0.9711845175,-0.5835029825,-0.66796875,-0.7765148277,-0.5594226723,0.65625,0.5580314936,0.7544685064,0.4049512936,0.2043014017,0.6056011854,0.621748756,0.5061445769,0.7373529352,0.01319980564,-0.03677277567,0.06317238695,0,0,0,0,0,0,0,0,0,0.16796875,0.1197196203,0.2162178797
utility,9,8,-0.76953125,-0.9625060728,-0.5765564272,-0.60546875,-0.7182523552,-0.4926851448,0.625,0.506389885,0.743610115,0.4272770429,0.2545742608,0.599979825,0.6900972346,0.5789305175,0.8012639517,-0.03189222511,-0.08005083174,0.01626638152,0,0,0,0,0,0,0,0,0,0.171875,0.1403074726,0.2034425274
utility,10,8,-0.76171875,-0.98734164,-0.53609586,-0.65234375,-0.7548591118,-0.5498283882,0.6015625,0.505586327,0.697538673,0.4101145699,0.2259334711,0.5942956688,0.6449686436,0.5528277884,0.7371094988,0.03287035257,-0.02739307063,0.09313377578,0,0,0,0,0,0,0,0,0,0.18359375,0.1573893625,0.2097981375
utility,11,8,-0.70703125,-0.9320595143,-0.4820029857,-0.6328125,-0.7573463966,-0.5082786034,0.55078125,0.4519253683,0.6496371317,0.4951853641,0.3221941314,0.6681765967,0.6577429299,0.5550862266,0.7603996332,-0.03910040802,-0.06590226118,-0.01229855486,0,0,0,0,0,0,0,0,0,0.1630859375,0.1144532505,0.2117186245
utility,12,8,-0.78515625,-1.000602791,-0.5697097093,-0.69921875,-0.8321757486,-0.5662617514,0.6484375,0.5351723072,0.7617026928,0.3760403838,0.179764333,0.5723164346,0.5673005016,0.4160031221,0.7185978812,0.06297358271,0.01214804258,0.1137991228,0,0,0,0,0,0,0,0,0,0.1865234375,0.1487445066,0.2243023684
utility,13,8,-0.828125,-1.011144381,-0.6451056192,-0.70703125,-0.7966453587,-0.6174171413,0.66796875,0.5563794456,0.7795580544,0.3165376649,0.1072700786,0.5258052511,0.5795037216,0.4651868266,0.6938206166,0.01867906522,-0.01787405215,0.05523218258,0,0,0,0,0,0,0,0,0,0.1767578125,0.1507237479,0.2027918771
utility,14,8,-0.82421875,-1.0309375,-0.6175,-0.69921875,-0.8077648277,-0.5906726723,0.6328125,0.4604436073,0.8051813927,0.3073201783,0.09979411455,0.5148462421,0.5798226458,0.4441173623,0.7155279293,-0.00989421863,-0.07466232233,0.05487388507,0,0,0,0,0,0,0,0,0,0.1494140625,0.1074353946,0.1913927304
utility,15,8,-0.8125,-1.028431847,-0.5965681531,-0.72265625,-0.8403805414,-0.6049319586,0.69140625,0.5566972719,0.8261152281,0.3204131968,0.1069919828,0.5338344108,0.5465256448,0.4161873386,0.6768639509,0.01396986502,-0.02060884604,0.04854857608,0,0,0,0,0,0,0,0,0,0.1435546875,0.08022512213,0.2068842529
utility,16,8,-0.80078125,-0.9995701244,-0.6019923756,-0.75,-0.8757384438,-0.6242615562,0.68359375,0.5444809606,0.8227065394,0.3690884095,0.1898432436,0.5483335754,0.4993272759,0.3426347251,0.6560198267,0.004420334196,-0.03472657309,0.04356724148,0,0,0,0,0,0,0,0,0,0.140625,0.08188746808,0.1993625319
utility,17,8,-0.80078125,-0.9848727296,-0.6166897704,-0.765625,-0.8617755168,-0.6694744832,0.66796875,0.5360233267,0.7999141733,0.3787203073,0.1956907891,0.5617498255,0.491756356,0.3548764683,0.6286362437,-0.01541196006,-0.06293157373,0.03210765361,0,0,0,0,0,0,0,0,0,0.15234375,0.1138443715,0.1908431285
utility,18,8,-0.828125,-0.9794898841,-0.6767601159,-0.74609375,-0.8591739595,-0.6330135405,0.64453125,0.4892611193,0.7998013807,0.3490865789,0.1615511994,0.5366219584,0.5112337098,0.3590921696,0.66337525,-0.003281757495,-0.05459101015,0.04802749516,0,0,0,0,0,0,0,0,0,0.134765625,0.08261714361,0.1869141064
utility,19,8,-0.796875,-0.9970282616,-0.5967217384,-0.74609375,-0.8078204109,-0.6843670891,0.66015625,0.5158434083,0.8044690917,0.3720971692,0.1848204761,0.5593738623,0.537445429,0.4503585752,0.6245322827,-0.0003576557667,-0.03999841485,0.03928310331,0,0,0,0,0,0,0,0,0,0.14453125,0.1064693786,0.1825931214
utility,20,8,-0.76953125,-0.9521613005,-0.5869011995,-0.70703125,-0.7744633991,-0.6395991009,0.671875,0.5543999362,0.7893500638,0.4372905946,0.2747275594,0.5998536298,0.5886277224,0.5004626389,0.6767928058,-0.02073179878,-0.06519499041,0.02373139285,0,0,0,0,0,0,0,0,0,0.1650390625,0.1189707267,0.2111073983
utility,21,8,-0.78125,-0.9707435685,-0.5917564315,-0.68359375,-0.7657998137,-0.6013876863,0.62109375,0.538076756,0.704110744,0.4062922236,0.2197403685,0.5928440786,0.6145395865,0.5268623755,0.7022167975,-0.01887353671,-0.05188620115,0.01413912773,0,0,0,0,0,0,0,0,0,0.1455078125,0.1173119112,0.1737037138
utility,22,8,-0.76953125,-0.9625060728,-0.5765564272,-0.7265625,-0.7766844217,-0.6764405783,0.61328125,0.4818445339,0.7447179661,0.4275217749,0.2554611381,0.5995824118,0.5677385102,0.493349219,0.6421278014,0.001243682489,-0.01434671954,0.01683408452,0,0,0,0,0,0,0,0,0,0.171875,0.1332670193,0.2104829807
utility,23,8,-0.765625,-1.00284523,-0.52840477,-0.71484375,-0.7856677575,-0.6440197425,0.62109375,0.455185899,0.787001601,0.3887490402,0.1910559765,0.5864421038,0.577069816,0.4833396266,0.6708000054,0.0045559756,-0.04346317352,0.05257512472,0,0,0,0,0,0,0,0,0,0.173828125,0.1304453892,0.2172108608
utility,24,8,-0.7890625,-0.9979773395,-0.5801476605,-0.67578125,-0.7811962826,-0.5703662174,0.62890625,0.4902758645,0.7675366355,0.3741871052,0.1758864235,0.572487787,0.6132388567,0.4965639626,0.7299137509,-0.001617574652,-0.02814247816,0.02490732886,0,0,0,0,0,0,0,0,0,0.177734375,0.1391535162,0.2163152338
utility,25,8,-0.8046875,-1.008407063,-0.6009679375,-0.6328125,-0.7922600938,-0.4733649062,0.640625,0.5061337712,0.7751162288,0.3456314164,0.137479469,0.5537833637,0.6375175765,0.5031875008,0.7718476521,0.01256331131,-0.02767157049,0.05279819311,0,0,0,0,0,0,0,0,0,0.2041015625,0.156513224,0.251689901
utility,26,8,-0.80078125,-1.00291205,-0.5986504499,-0.69140625,-0.8014844582,-0.5813280418,0.6328125,0.5061451052,0.7594798948,0.3561948225,0.1534763053,0.5589133397,0.5905820344,0.4623826914,0.7187813774,-0.001977923136,-0.06065435749,0.05669851122,0,0,0,0,0,0,0,0,0,0.158203125,0.1242395897,0.1921666603
utility,27,8,-0.8046875,-1.013922761,-0.5954522388,-0.73828125,-0.8301106658,-0.6464518342,0.69140625,0.6254811549,0.7573313451,0.3499226476,0.1602205676,0.5396247275,0.5370595322,0.4235688337,0.6505502308,0.03774040713,-0.01014521336,0.08562602762,0,0,0,0,0,0,0,0,0,0.1650390625,0.1275940956,0.2024840294
utility,28,8,-0.828125,-1.026597684,-0.6296523161,-0.734375,-0.8501266199,-0.6186233801,0.71875,0.6107840766,0.8267159234,0.3092247705,0.107004984,0.511444557,0.5307279467,0.3972808648,0.6641750286,0.01265218678,-0.02286775923,0.0481721328,0,0,0,0,0,0,0,0,0,0.1611328125,0.1280197683,0.1942458567
utility,29,8,-0.84765625,-1.017947891,-0.6773646085,-0.69921875,-0.8216845655,-0.5767529345,0.6640625,0.5626558889,0.7654691111,0.2918546836,0.08918380206,0.4945255652,0.5782342361,0.4638435675,0.6926249047,-0.02569331517,-0.056025142,0.004638511655,0,0,0,0,0,0,0,0,0,0.16796875,0.1210393545,0.2148981455
utility,30,8,-0.80859375,-1.030474087,-0.5867134134,-0.69921875,-0.8777682032,-0.5206692968,0.6875,0.5591252434,0.8158747566,0.3194490677,0.1037165894,0.5351815459,0.541612621,0.3810686681,0.7021565739,-7.615673272e-05,-0.03081047761,0.03065816415,0,0,0,0,0,0,0,0,0,0.146484375,0.08677474028,0.2061940097
utility,31,8,-0.78515625,-0.9837765521,-0.5865359479,-0.69140625,-0.8923736977,-0.4904388023,0.6484375,0.4844333437,0.8124416563,0.391321845,0.1997088649,0.582934825,0.530479994,0.3454416312,0.7155183568,-0.02618158136,-0.05630216597,0.003939003246,0,0,0,0,0,0,0,0,0,0.17578125,0.1274454192,0.2241170808
utility,32,8,-0.82421875,-0.9715180872,-0.6769194128,-0.69921875,-0.8483262019,-0.5501112981,0.6796875,0.5646616028,0.7947133972,0.3567728315,0.1639526992,0.5495929639,0.5608116855,0.4150178542,0.7066055168,0.002778912525,-0.04710012175,0.0526579468,0,0,0,0,0,0,0,0,0,0.15625,0.09873705139,0.2137629486
utility,33,8,-0.80078125,-0.9507845866,-0.6507779134,-0.703125,-0.8141500535,-0.5920999465,0.65234375,0.5551968282,0.7494906718,0.3949296377,0.1971559811,0.5927032943,0.5778324594,0.4648614866,0.6908034321,-0.01134013118,-0.04765581083,0.02497554848,0,0,0,0,0,0,0,0,0,0.1650390625,0.1238660571,0.2062120679
utility,34,8,-0.78125,-0.9860355204,-0.5764644796,-0.70703125,-0.7837576371,-0.6303048629,0.64453125,0.4884005925,0.8006619075,0.383837435,0.1699074569,0.5977674132,0.5868484691,0.5015154438,0.6721814944,0.01990141222,-0.01166893437,0.05147175882,0,0,0,0,0,0,0,0,0,0.162109375,0.1156507424,0.2085680076
utility,35,8,-0.828125,-0.9978501915,-0.6583998085,-0.75,-0.8232077523,-0.6767922477,0.6953125,0.6161685202,0.7744564798,0.3292060524,0.1235286113,0.5348834936,0.5282660158,0.4324968196,0.624035212,0.01845654841,-0.01052327431,0.04743637114,0,0,0,0,0,0,0,0,0,0.1591796875,0.1100757633,0.2082836117
utility,36,8,-0.8046875,-0.9770563927,-0.6323186073,-0.734375,-0.8255179166,-0.6432320834,0.671875,0.5743409515,0.7694090485,0.3769982133,0.1856266226,0.5683698041,0.5409726911,0.4177177435,0.6642276387,-0.01217940392,-0.03675873294,0.0123999251,0,0,0,0,0,0,0,0,0,0.1484375,0.100975807,0.195899193
utility,37,8,-0.82421875,-0.9962715699,-0.6521659301,-0.73046875,-0.8634257486,-0.5975117514,0.703125,0.6188565488,0.7873934512,0.3441627108,0.1585456285,0.5297797932,0.5196580799,0.3467618601,0.6925542998,0.006921683169,-0.01926975702,0.03311312335,0,0,0,0,0,0,0,0,0,0.162109375,0.1124279559,0.2117907941
utility,38,8,-0.86328125,-1.019840397,-0.7067221027,-0.7265625,-0.816781959,-0.636343041,0.70703125,0.6009826127,0.8130798873,0.2715122245,0.07414381723,0.4688806318,0.5523923613,0.4319071336,0.6728775889,0.01472212575,-0.01617304062,0.04561729211,0,0,0,0,0,0,0,0,0,0.1923828125,0.1366491663,0.2481164587
utility,39,8,-0.83984375,-0.975049124,-0.704638376,-0.76171875,-0.8683972289,-0.6550402711,0.7109375,0.6101936843,0.8116813157,0.3414241792,0.1682832318,0.5145651267,0.4887256827,0.3306181904,0.646833175,-0.005847226905,-0.04879295299,0.03709849918,0,0,0,0,0,0,0,0,0,0.1396484375,0.1001360091,0.1791608659
utility,40,8,-0.84765625,-0.9368957944,-0.7584167056,-0.6484375,-0.7611096773,-0.5357653227,0.62109375,0.5430686576,0.6991188424,0.3541285009,0.2074964357,0.5007605661,0.641768643,0.5182890553,0.7652482307,0.01260119518,-0.0143970025,0.03959939285,0.2525055278,0.2441328169,0.2608782387,20.58017689,20.18517902,20.97517476,0.625,0.2663567232,0.9836432768,0.1767578125,0.1248356383,0.2286799867
utility,41,8,-0.8671875,-0.9014272909,-0.8329477091,-0.52734375,-0.6150690459,-0.4396184541,0.53515625,0.4537691961,0.6165433039,0.3459672049,0.2798645594,0.4120698505,0.7742910962,0.694231604,0.8543505885,0.01868700535,-0.037561449,0.07493545969,0.2348492778,0.2244539138,0.2452446417,20.39017689,19.72994398,21.0504098,1,1,1,0.2109375,0.1842580699,0.2376169301
utility,42,8,-0.84765625,-0.8959920808,-0.7993204192,-0.54296875,-0.6205633558,-0.4653741442,0.5625,0.4911459094,0.6338540906,0.3765876827,0.2849207158,0.4682546495,0.7639898993,0.6939362411,0.8340435575,0.01745273972,-0.02080685238,0.05571233183,0.2162555278,0.2053839045,0.227127151,19.79517689,19.1245733,20.46578048,1,1,1,0.2099609375,0.1708746752,0.2490471998
utility,43,8,-0.828125,-0.8946192432,-0.7616307568,-0.53125,-0.584294056,-0.478205944,0.53125,0.4668022256,0.5956977744,0.4052556755,0.2981742749,0.5123370761,0.7801751005,0.7305494647,0.8298007362,0.008384123237,-0.02461169469,0.04137994116,0.1963727153,0.1857224095,0.2070230211,19.28392689,18.57674835,19.99110542,1,1,1,0.1875,0.1622725193,0.2127274807
utility,44,8,-0.79296875,-0.8876713323,-0.6982661677,-0.50390625,-0.6221982327,-0.3856142673,0.5390625,0.4660838805,0.6120411195,0.4511480731,0.3192887775,0.5830073686,0.7833326553,0.6890558712,0.8776094394,0.004087990454,-0.03140061582,0.03957659673,0.1757477153,0.1650974095,0.1863980211,18.62392689,17.91674835,19.33110542,1,1,1,0.193359375,0.1579473712,0.2287713788
utility,45,8,-0.76953125,-0.8598898293,-0.6791726707,-0.47265625,-0.5523800469,-0.3929324531,0.546875,0.5067774627,0.5869725373,0.4919158742,0.3755153927,0.6083163556,0.8214070684,0.7618229167,0.8809912201,-0.005216663623,-0.03270762351,0.02227429626,0.1794201379,0.1682973152,0.1905429605,21.86644441,20.80477225,22.92811657,1,1,1,0.2265625,0.2018379432,0.2512870568
utility,46,8,-0.71484375,-0.8212077743,-0.6084797257,-0.515625,-0.5974737553,-0.4337762447,0.58203125,0.5219545981,0.6421079019,0.5619011568,0.4355383028,0.6882640108,0.7869790604,0.7250904068,0.8488677139,0.01572669523,-0.005961306246,0.0374146967,0.1587951379,0.1476723152,0.1699179605,21.20644441,20.14477225,22.26811657,1,1,1,0.2197265625,0.1822815956,0.2571715294
utility,47,8,-0.6953125,-0.8641472588,-0.5264777412,-0.47265625,-0.6022967724,-0.3430157276,0.53515625,0.4466705906,0.6236419094,0.553626031,0.3987939714,0.7084580906,0.8035923664,0.7085722044,0.8986125285,-0.00532838548,-0.0406218552,0.02996508424,0.1381701379,0.1270473152,0.1492929605,20.54644441,19.48477225,21.60811657,1,1,1,0.244140625,0.1960000913,0.2922811587
utility,48,8,-0.6875,-0.8273632144,-0.5476367856,-0.44921875,-0.5846716398,-0.3137658602,0.51953125,0.4428048629,0.5962576371,0.5842811967,0.4612463126,0.7073160808,0.8163505022,0.7021145703,0.9305864341,-0.003313788749,-0.04494970282,0.03832212532,0.1184045129,0.1072674128,0.1295416129,19.78894441,18.63996061,20.93792821,1,1,1,0.224609375,0.1945710491,0.2546477009
utility,49,8,-0.68359375,-0.8503072281,-0.5168802719,-0.46484375,-0.6077571614,-0.3219303386,0.5234375,0.383215508,0.663659492,0.5659815586,0.3931810964,0.7387820209,0.8034190811,0.7004705213,0.906367641,0.01728727017,-0.0233183759,0.05789291625,0.09805295035,0.08708506749,0.1090208332,18.88769441,17.74337705,20.03201177,1,1,1,0.2255859375,0.1845147512,0.2666571238
utility,50,8,-0.63671875,-0.8160170377,-0.4574204623,-0.44921875,-0.6189192703,-0.2795182297,0.53125,0.4065816901,0.6559183099,0.6136437036,0.4344577307,0.7928296766,0.8015961915,0.6890929469,0.9140994362,-0.02282814485,-0.05666872764,0.01101243793,0.07839731559,0.06684085587,0.08995377532,16.5087141,15.01875246,17.99867574,1,1,1,0.248046875,0.1987886443,0.2973051057
utility,51,8,-0.6328125,-0.8523594856,-0.4132655144,-0.328125,-0.4456000638,-0.2106499362,0.375,0.2639749465,0.4860250535,0.592969004,0.4174908226,0.7684471854,0.9002739598,0.8396816971,0.9608662224,-0.04206769116,-0.08202196961,-0.002113412707,0.0609488434,0.04903954039,0.07285814641,13.20036299,11.46009462,14.94063136,1,1,1,0.259765625,0.2106776912,0.3088535588
utility,52,8,-0.6328125,-0.8207975497,-0.4448274503,-0.375,-0.4646608192,-0.2853391808,0.4296875,0.3548954706,0.5044795294,0.6165412531,0.4536630175,0.7794194887,0.8838794849,0.8368417202,0.9309172497,0.03076717713,-0.02195124885,0.08348560311,0.04513009233,0.03219810781,0.05806207685,10.19416295,8.109514722,12.27881119,1,1,1,0.228515625,0.1997591507,0.2572720993
utility,53,8,-0.6171875,-0.8209070625,-0.4134679375,-0.39453125,-0.5043047428,-0.2847577572,0.47265625,0.3929324531,0.5523800469,0.6221410613,0.4504436551,0.7938384675,0.8648776289,0.7867148812,0.9430403766,0.006840278934,-0.05790372494,0.07158428281,0.03339858551,0.02222845863,0.0445687124,7.068754736,5.300382513,8.837126959,1,1,1,0.2705078125,0.2449607882,0.2960548368
utility,54,8,-0.60546875,-0.8115383325,-0.3993991675,-0.37890625,-0.5208790446,-0.2369334554,0.484375,0.3828033658,0.5859466342,0.6340134546,0.465928196,0.8020987132,0.8627854865,0.7838510851,0.941719888,0.0130210774,-0.0352175747,0.0612597295,0.04689250163,0.03640866994,0.05737633332,10.00056005,8.612452499,11.38866761,1,1,1,0.2646484375,0.2462466829,0.2830501921
utility,55,8,-0.60546875,-0.8125113204,-0.3984261796,-0.48046875,-0.6378813777,-0.3230561223,0.5078125,0.3904800896,0.6251449104,0.6330043729,0.463104143,0.8029046029,0.7812877004,0.6471529288,0.9154224719,0.04766105522,-0.002312145247,0.09763425569,0.04251659839,0.03328445826,0.05174873852,9.235531149,8.059235988,10.41182631,1,1,1,0.25390625,0.2281856775,0.2796268225
utility,56,8,-0.65234375,-0.8730130643,-0.4316744357,-0.45703125,-0.6135903973,-0.3004721027,0.4921875,0.3629027338,0.6214722662,0.5552009868,0.3315599849,0.7788419887,0.7977696878,0.6545125374,0.9410268383,0.03222475285,0.0007849087891,0.06366459691,0.0371878983,0.0300235382,0.04435225841,7.815012746,6.66184123,8.968184262,1,1,1,0.23046875,0.1989012226,0.2620362774
utility,57,8,-0.578125,-0.8156274671,-0.3406225329,-0.453125,-0.6275224,-0.2787276,0.5,0.3901883715,0.6098116285,0.6301176093,0.420863016,0.8393722027,0.7893687313,0.6306945382,0.9480429245,-0.005960393178,-0.04807775219,0.03615696584,0.03046344346,0.02306214223,0.03786474469,6.224830191,4.851905561,7.59775482,1,1,1,0.2265625,0.1738351278,0.2792898722
utility,58,8,-0.58984375,-0.8159115828,-0.3637759172,-0.44921875,-0.6243588307,-0.2740786693,0.4609375,0.2936974382,0.6281775618,0.6350593894,0.4603354195,0.8097833593,0.7960750788,0.6621026777,0.93004748,-0.01272551767,-0.04041013502,0.01495909968,0.02536540204,0.01856923245,0.03216157163,5.061692865,3.653127526,6.470258204,1,1,1,0.232421875,0.1959612631,0.2688824869
utility,59,8,-0.45703125,-0.6890944843,-0.2249680157,-0.3828125,-0.6059911088,-0.1596338912,0.42578125,0.2984873564,0.5530751436,0.7594066588,0.6499394638,0.8688738539,0.8136672249,0.6893262464,0.9380082033,-0.00858019848,-0.06203953661,0.04487913965,0.02131073905,0.01538595948,0.02723551863,4.18194365,2.734977295,5.628910005,1,1,1,0.2490234375,0.2111338394,0.2869130356
utility,60,8,-0.55078125,-0.8011735691,-0.3003889309,-0.40234375,-0.6310630636,-0.1736244364,0.453125,0.3181365746,0.5881134254,0.6541976077,0.4721876577,0.8362075577,0.7989192288,0.6836332921,0.9142051654,0.02849674794,0.001516138434,0.05547735744,0.01869606323,0.013140942,0.02425118445,3.473274023,2.021191308,4.925356738,1,1,1,0.2451171875,0.20152384,0.288710535
utility,61,8,-0.54296875,-0.7904005292,-0.2955369708,-0.4375,-0.6205193808,-0.2544806192,0.51171875,0.4228553486,0.6005821514,0.6666711647,0.4977820456,0.8355602838,0.8045572719,0.7061355435,0.9029790003,0.02016323766,-0.03437754605,0.07470402137,0.016989793,0.01244593996,0.02153364604,3.168673376,1.896212841,4.441133911,1,1,1,0.2470703125,0.1983945972,0.2957460278
utility,62,8,-0.5625,-0.8398211699,-0.2851788301,-0.44921875,-0.6128906809,-0.2855468191,0.52734375,0.4396184541,0.6150690459,0.6184815254,0.4304351326,0.8065279182,0.8071391016,0.7206354117,0.8936427914,0.0008749138247,-0.03672958411,0.03847941176,0.01541495023,0.0112287727,0.01960112775,2.743278407,1.676193517,3.810363298,1,1,1,0.248046875,0.2083956089,0.2876981411
utility,63,8,-0.546875,-0.8185832822,-0.2751667178,-0.41015625,-0.5858691534,-0.2344433466,0.43359375,0.3547147324,0.5124727676,0.6385753206,0.448764369,0.8283862722,0.8273497783,0.7360854809,0.9186140756,-0.01804547019,-0.04445117559,0.008360235211,0.03477168264,0.02794958229,0.04159378299,6.487693844,4.824307411,8.151080278,1,1,1,0.2421875,0.2056981902,0.2786768098
utility,64,8,-0.4609375,-0.7474666011,-0.1744083989,-0.4921875,-0.6524731946,-0.3319018054,0.4609375,0.3699785249,0.5518964751,0.7057441365,0.542241125,0.8692471479,0.7729588008,0.654947872,0.8909697296,0.02303109348,-0.004834434578,0.05089662154,0.03149920565,0.02540167381,0.0375967375,5.882974581,4.519821142,7.24612802,1,1,1,0.2275390625,0.1803926963,0.2746854287
utility,65,8,-0.44921875,-0.7327363879,-0.1657011121,-0.4296875,-0.5945065888,-0.2648684112,0.43359375,0.2648830341,0.6023044659,0.7203527605,0.5746331106,0.8660724105,0.8168726857,0.6987644549,0.9349809165,0.007170824782,-0.03981611194,0.0541577615,0.02755209141,0.01953394039,0.03557024244,4.756666925,2.770407176,6.742926675,1,1,1,0.2373046875,0.1984871548,0.2761222202
utility,66,8,-0.49609375,-0.7303120831,-0.2618754169,-0.37890625,-0.5468209215,-0.2109915785,0.5234375,0.4409771639,0.6058978361,0.7205863072,0.5647792655,0.8763933489,0.850949361,0.7658946863,0.9360040356,0.009410766054,-0.02852965811,0.04735119022,0.02669271641,0.01917314061,0.03421229222,4.604166925,2.703290133,6.505043718,1,1,1,0.2724609375,0.2367325846,0.3081892904
utility,67,8,-0.4921875,-0.713860163,-0.270514837,-0.328125,-0.48125,-0.175,0.5078125,0.4436251217,0.5719998783,0.7282953496,0.5517009474,0.9048897519,0.8860726146,0.8118400609,0.9603051683,-0.002911687531,-0.0325947326,0.02677135754,0.02368490391,0.01726577171,0.03010403612,4.382916925,2.636754624,6.129079227,1,1,1,0.2421875,0.2042357934,0.2801392066
utility,68,8,-0.44140625,-0.7127290099,-0.1700834901,-0.421875,-0.5843401405,-0.2594098595,0.44921875,0.3552262252,0.5432112748,0.7298195926,0.5477682545,0.9118709306,0.8254871736,0.7274636469,0.9235107003,-0.01043190477,-0.0513824471,0.03051863755,0.0206309002,0.01437706924,0.02688473116,3.410188806,1.96219497,4.858182643,1,1,1,0.2646484375,0.2283388614,0.3009580136
utility,69,8,-0.37890625,-0.6237523931,-0.1340601069,-0.48046875,-0.628674902,-0.332262598,0.4375,0.3030087712,0.5719912288,0.7973973363,0.6461389646,0.948655708,0.7856726217,0.6535583679,0.9177868755,0.005637919977,-0.03908783854,0.0503636785,0.01989556842,0.01357090026,0.02622023658,3.261658189,1.808413278,4.714903101,1,1,1,0.2548828125,0.2110977923,0.2986678327
utility,70,8,-0.39453125,-0.6644925916,-0.1245699084,-0.375,-0.5407310981,-0.2092689019,0.44140625,0.3408704539,0.5419420461,0.7644784107,0.5894855339,0.9394712875,0.8527234946,0.7512042849,0.9542427042,0.01567629617,-0.04203259389,0.07338518623,0.01751798914,0.01190769442,0.02312828387,2.685575653,1.401109154,3.970042151,1,1,1,0.2841796875,0.2629270667,0.3054323083
utility,71,8,-0.390625,-0.6741574056,-0.1070925944,-0.421875,-0.5814275971,-0.2623224029,0.4765625,0.3834201988,0.5697048012,0.7548854402,0.5748819543,0.9348889262,0.8258864264,0.7189552085,0.9328176444,0.01337166242,-0.01351752357,0.04026084841,0.01630042968,0.01146263511,0.02113822425,2.27161375,1.106518286,3.436709213,1,1,1,0.2470703125,0.2058464919,0.2882941331
utility,72,8,-0.43359375,-0.6646443925,-0.2025431075,-0.49609375,-0.616629764,-0.375557736,0.4765625,0.3878405634,0.5652844366,0.7692828483,0.6062373107,0.932328386,0.7892866173,0.6998900144,0.8786832201,0.01105379359,-0.02658404623,0.0486916334,0.03466807307,0.03026065332,0.03907549281,6.109378338,5.086234462,7.132522214,1,1,1,0.23046875,0.1913222778,0.2696152222
utility,73,8,-0.453125,-0.6724430125,-0.2338069875,-0.45703125,-0.5637097289,-0.3503527711,0.49609375,0.4291601819,0.5630273181,0.7667033045,0.6255566531,0.907849956,0.8250905251,0.7566626623,0.8935183879,-0.01119177466,-0.04747489649,0.02509134718,0.0295862807,0.02449212677,0.03468043463,5.071760982,3.855284107,6.288237858,1,1,1,0.2138671875,0.1787893017,0.2489450733
utility,74,8,-0.41015625,-0.6438018337,-0.1765106663,-0.3984375,-0.5660776582,-0.2307973418,0.39453125,0.3195714626,0.4694910374,0.7869161063,0.6446850045,0.929147208,0.8396786504,0.7597236838,0.919633617,-0.01639180451,-0.05651297354,0.02372936451,0.02516756523,0.02015306043,0.03018207004,4.180362087,2.863050952,5.497673223,1,1,1,0.275390625,0.2590849437,0.2916963063
utility,75,8,-0.44140625,-0.6837774001,-0.1990350999,-0.39453125,-0.5665840699,-0.2224784301,0.4453125,0.3723338805,0.5182911195,0.7571258545,0.6014142283,0.9128374808,0.8404954706,0.7676177394,0.9133732018,0.03245808845,0.0003781380547,0.06453803884,0.02276665104,0.017790476,0.02774282608,3.728532833,2.605001337,4.85206433,1,1,1,0.2451171875,0.2117522097,0.2784821653
utility,76,8,-0.46484375,-0.7494227033,-0.1802647967,-0.3671875,-0.5695874077,-0.1647875923,0.47265625,0.3707964687,0.5745160313,0.6988342541,0.508101073,0.8895674353,0.8404489007,0.765816348,0.9150814534,0.01940326901,-0.007606587156,0.04641312519,0.0199829085,0.01425134987,0.02571446713,3.139453072,1.863019194,4.41588695,1,1,1,0.2470703125,0.2317749119,0.2623657131
utility,77,8,-0.4140625,-0.7167369396,-0.1113880604,-0.37890625,-0.6046775517,-0.1531349483,0.48828125,0.4098280332,0.5667344668,0.7203690472,0.5310084747,0.9097296197,0.8164852072,0.7106165019,0.9223539125,0.01993879967,-0.02669426444,0.06657186378,0.01762195336,0.01285533839,0.02238856834,2.563902508,1.385273723,3.742531292,1,1,1,0.228515625,0.1968487763,0.2601824737
utility,78,8,-0.40625,-0.6874097077,-0.1250902923,-0.36328125,-0.6071678804,-0.1193946196,0.49609375,0.3766744806,0.6155130194,0.7427643772,0.5448163529,0.9407124015,0.8084255305,0.666220317,0.9506307441,0.01910639575,-0.01468883266,0.05290162416,0.01719433556,0.0125656789,0.02182299222,2.425218738,1.358508164,3.491929312,1,1,1,0.240234375,0.2068929351,0.2735758149
utility,79,8,-0.42578125,-0.7062103036,-0.1453521964,-0.3671875,-0.5836615981,-0.1507134019,0.49609375,0.368536988,0.623650512,0.7311351058,0.5389762331,0.9232939785,0.8211212402,0.657498545,0.9847439354,0.007246578462,-0.02644373253,0.04093688946,0.01684885869,0.0120475542,0.02165016317,2.289163478,1.191413248,3.386913708,1,1,1,0.224609375,0.1788774129,0.2703413371
utility,80,8,-0.4375,-0.6991601147,-0.1758398853,-0.41796875,-0.6091999199,-0.2267375801,0.50390625,0.4369726819,0.5708398181,0.7256014419,0.4942371385,0.9569657453,0.8105341909,0.6871369242,0.9339314576,-0.001373734324,-0.04944744044,0.04669997179,0.0156431351,0.01021023084,0.02107603935,1.875580323,0.6693195144,3.081841132,1,1,1,0.251953125,0.2134809449,0.2904253051
utility,81,8,-0.3828125,-0.6499831866,-0.1156418134,-0.40625,-0.5641141623,-0.2483858377,0.5078125,0.4057473975,0.6098776025,0.769500818,0.5742570434,0.9647445926,0.8380990735,0.7438729946,0.9323251524,0.02046833173,-0.02308072548,0.06401738893,0.03453996644,0.02923502019,0.0398449127,5.980278926,4.75026714,7.210290712,1,1,1,0.2236328125,0.1955858015,0.2516798235
utility,82,8,-0.390625,-0.6623332822,-0.1189167178,-0.41796875,-0.5499141733,-0.2860233267,0.44921875,0.3177820339,0.5806554661,0.7595101252,0.5568374672,0.9621827832,0.8416644042,0.7525024203,0.9308263881,-0.0005975801268,-0.04604275165,0.0448475914,0.03000107985,0.02492616404,0.03507599567,4.835034555,3.672608482,5.997460629,1,1,1,0.2470703125,0.210703125,0.2834375
utility,83,8,-0.30859375,-0.5625722974,-0.0546152026,-0.33984375,-0.4541026776,-0.2255848224,0.3984375,0.3385702967,0.4583047033,0.8293032778,0.6787085602,0.9798979954,0.8944663712,0.8198094908,0.9691232515,-0.03153801494,-0.07112245896,0.008046429084,0.02633956857,0.02167925416,0.03099988298,4.092866194,3.065061075,5.120671313,1,1,1,0.2255859375,0.2071841829,0.2439876921
utility,84,8,-0.3203125,-0.5944141933,-0.04621080668,-0.28515625,-0.4758612153,-0.0944512847,0.37890625,0.291947966,0.465864534,0.8035214972,0.6257840037,0.9812589906,0.8862495501,0.7878581904,0.9846409098,0.01136037295,-0.03610228549,0.05882303139,0.02309709048,0.01689117868,0.02930300228,3.489106895,2.160069575,4.818144216,1,1,1,0.2607421875,0.2272519536,0.2942324214
utility,85,8,-0.26953125,-0.5556362641,0.01657376411,-0.29296875,-0.4755988005,-0.1103386995,0.40625,0.3073517726,0.5051482274,0.8216183206,0.6666338475,0.9766027936,0.8871995571,0.7910049832,0.983394131,-0.003383019047,-0.04507520935,0.03830917125,0.02074709276,0.01418669388,0.02730749163,2.913906968,1.44766627,4.380147666,1,1,1,0.2529296875,0.2183325492,0.2875268258
utility,86,8,-0.28125,-0.5390410976,-0.0234589024,-0.3125,-0.5146515134,-0.1103484866,0.453125,0.3414981803,0.5647518197,0.8376894131,0.6772227461,0.9981560801,0.8676614647,0.7716147434,0.963708186,-0.0002195190983,-0.03384639519,0.03340735699,0.01907585883,0.01242477456,0.0257269431,2.610427483,1.12943726,4.091417705,1,1,1,0.240234375,0.2089667042,0.2715020458
utility,87,8,-0.27734375,-0.5294691393,-0.02521836073,-0.2890625,-0.4652750958,-0.1128499042,0.43359375,0.3627697425,0.5044177575,0.8454005547,0.6972762364,0.9935248729,0.89448693,0.8296633706,0.9593104894,0.004467629193,-0.04363242499,0.05256768338,0.01706992138,0.0111655891,0.02297425366,2.046237484,0.7021808395,3.390294129,1,1,1,0.2470703125,0.2207165543,0.2734240707
utility,88,8,-0.33984375,-0.6138690557,-0.0658184443,-0.3046875,-0.5183582181,-0.09101678188,0.37890625,0.2712899203,0.4865225797,0.7911029351,0.6015840782,0.9806217919,0.8639693593,0.7606004944,0.9673382241,0.03550111992,-0.007642074853,0.07864431469,0.01664023388,0.01068804991,0.02259241785,2.032487484,0.6854109329,3.379564035,1,1,1,0.236328125,0.2086095996,0.2640466504
utility,89,8,-0.3203125,-0.6158193805,-0.02480561953,-0.3125,-0.5351526864,-0.08984731363,0.3984375,0.2839954944,0.5128795056,0.7778159503,0.563238463,0.9923934376,0.8561116291,0.7681268847,0.9440963735,0.01181456978,-0.02493506992,0.04856420948,0.01513176811,0.009974456856,0.02028907936,1.609216579,0.5947695407,2.623663618,1,1,1,0.2607421875,0.1961038528,0.3253805222
utility,90,8,-0.28125,-0.5703974537,0.007897453733,-0.31640625,-0.5232869736,-0.1095255264,0.41015625,0.34125,0.4790625,0.808091429,0.6201438453,0.9960390128,0.8653594535,0.7990444167,0.9316744904,0.01176683791,-0.0447183685,0.06825204432,0.03447196496,0.02699689797,0.04194703195,5.853102879,4.597323681,7.108882076,1,1,1,0.2509765625,0.198692767,0.303260358
utility,91,8,-0.2578125,-0.531424944,0.01579994404,-0.30078125,-0.4884765259,-0.1130859741,0.37890625,0.291947966,0.465864534,0.8367552983,0.6831266427,0.9903839539,0.8830216896,0.812274415,0.9537689643,-0.008147392925,-0.04095225744,0.02465747159,0.03141947668,0.02264659898,0.04019235439,5.255423254,3.664973962,6.845872546,1,1,1,0.251953125,0.2196319334,0.2842743166
utility,92,8,-0.28125,-0.5708604604,0.00836046036,-0.30859375,-0.4452774955,-0.1719100045,0.41015625,0.301302021,0.519010479,0.8077382876,0.6199830572,0.995493518,0.9028576412,0.8404815372,0.9652337451,0.06003952745,0.03519353011,0.08488552479,0.02745458996,0.01836401355,0.03654516637,4.378546879,2.758702663,5.998391095,1,1,1,0.263671875,0.2257477596,0.3015959904
utility,93,8,-0.24609375,-0.5111719095,0.01898440954,-0.2890625,-0.4151999034,-0.1629250966,0.34765625,0.2512013899,0.4441111101,0.8488576726,0.701901461,0.9958138841,0.9162218318,0.8690949332,0.9633487305,-0.05838525683,-0.106729951,-0.0100405627,0.02512187185,0.01697490871,0.033268835,3.678899899,2.225707178,5.132092621,1,1,1,0.2421875,0.2094479979,0.2749270021
utility,94,8,-0.26171875,-0.5489921407,0.02555464065,-0.2265625,-0.4083883632,-0.04473663679,0.36328125,0.2624128284,0.4641496716,0.8208146815,0.6479853894,0.9936439735,0.9156112153,0.8438361587,0.9873862718,0.03283171393,-0.01333660586,0.07900003372,0.02441224204,0.01718253855,0.03164194552,3.406191745,2.279757524,4.532625966,1,1,1,0.279296875,0.2230537656,0.3355399844
utility,95,8,-0.1875,-0.4547333659,0.07973336595,-0.30078125,-0.4751546399,-0.1264078601,0.35546875,0.2559375,0.455,0.8675429894,0.7253921998,1.009693779,0.8850871438,0.7641472258,1.006027062,0.01068407464,-0.01694234696,0.03831049623,0.02312632868,0.01592963642,0.03032302094,3.115042518,1.912517503,4.317567533,1,1,1,0.2578125,0.2181348437,0.2974901563
utility,96,8,-0.2109375,-0.5032533141,0.08137831407,-0.33203125,-0.5135575077,-0.1505049923,0.38671875,0.2468854753,0.5265520247,0.8300765674,0.6324186411,1.027734494,0.8646446738,0.7302640637,0.9990252839,0.003330946503,-0.04598456964,0.05264646265,0.0210851318,0.01514525106,0.02702501254,2.674724218,1.512759499,3.836688936,1,1,1,0.251953125,0.211673266,0.292232984
utility,97,8,-0.25,-0.5184838799,0.01848387987,-0.26171875,-0.3819765501,-0.1414609499,0.45703125,0.388612838,0.525449662,0.8438603643,0.6912333594,0.9964873691,0.9292800217,0.8779425201,0.9806175233,0.0161089017,-0.0360094442,0.0682272476,0.0202257568,0.01480010434,0.02565140926,2.647224218,1.500928766,3.793519669,1,1,1,0.28125,0.24994887,0.31255113
utility,98,8,-0.2109375,-0.4242944577,0.002419457717,-0.2421875,-0.4385392352,-0.04583576482,0.3984375,0.2893911187,0.5074838813,0.9000276965,0.7866127906,1.013442602,0.9012974255,0.8130831272,0.9895117239,0.00370666391,-0.04151735737,0.04893068519,0.01770020883,0.01459566268,0.02080475499,1.941406683,1.352690967,2.530122398,1,1,1,0.2509765625,0.2258426135,0.2761105115
utility,99,8,-0.2109375,-0.4350148182,0.0131398182,-0.2265625,-0.4405465185,-0.01257848154,0.421875,0.3329644937,0.5107855063,0.8944689375,0.7898790685,0.9990588065,0.8976037832,0.8186349778,0.9765725886,0.01275406047,-0.03579710556,0.0613052265,0.01696223497,0.01466453288,0.01925993706,1.792791519,1.249791418,2.335791621,1,1,1,0.24609375,0.2012633404,0.2909241596
utility,100,8,-0.22265625,-0.5142119255,0.0688994255,-0.265625,-0.470737393,-0.06051260703,0.46484375,0.303024186,0.626663314,0.8238981842,0.6126361563,1.035160212,0.8833108817,0.7554302445,1.011191519,0.03268417037,-0.02441998442,0.08978832517,0.01610285997,0.01337281283,0.01883290712,1.515291519,0.802778093,2.227804945,1,1,1,0.2666015625,0.2273016395,0.3059014855
utility,101,8,-0.25,-0.5540546312,0.05405463119,-0.19921875,-0.4135742179,0.01513671786,0.39453125,0.2731644208,0.5158980792,0.7959172392,0.5584390971,1.033395381,0.9045977428,0.8068313595,1.002364126,-0.001676383326,-0.03591283557,0.03256006891,0.01524348497,0.0131130311,0.01737393885,1.362791519,0.7367887308,1.988794308,1,1,1,0.255859375,0.2002903086,0.3114284414
utility,102,8,-0.21484375,-0.5211894382,0.09150193818,-0.1484375,-0.3112116078,0.01433660776,0.34765625,0.2394192009,0.4558932991,0.8095237234,0.5824631097,1.036584337,0.9468332302,0.882699172,1.010967288,-0.005380459693,-0.034957641,0.02419672162,0.01485905532,0.01250076486,0.01721734577,1.22548977,0.5541757929,1.896803747,1,1,1,0.25390625,0.2218125609,0.2859999391
utility,103,8,-0.2109375,-0.5127253044,0.09085030444,-0.23828125,-0.4532608661,-0.02330163387,0.44140625,0.3470580284,0.5357544716,0.8243341089,0.6365629962,1.012105222,0.8913288131,0.7937886071,0.988869019,0.01954075761,-0.01923941323,0.05832092845,0.01442936782,0.01209884965,0.01675988598,1.21173977,0.5547282697,1.868751271,1,1,1,0.25,0.2000454308,0.2999545692
utility,104,8,-0.2578125,-0.5962251838,0.08060018376,-0.28515625,-0.5061289421,-0.06418355788,0.50390625,0.3844869806,0.6233255194,0.7579367576,0.5115730093,1.004300506,0.8646865438,0.7305060656,0.998867022,0.03583533996,-0.002667400786,0.07433808071,0.01442936782,0.01209884965,0.01675988598,1.21173977,0.5547282697,1.868751271,1,1,1,0.248046875,0.1997327049,0.2963610451
utility,105,8,-0.22265625,-0.5499361513,0.1046236513,-0.26171875,-0.491460931,-0.03197656901,0.4140625,0.3366299437,0.4914950563,0.7978521473,0.6126348206,0.983069474,0.8714192458,0.7564798431,0.9863586486,-0.01006520213,-0.03642197481,0.01629157055,0.01399968032,0.01190887569,0.01609048494,1.19798977,0.5446859936,1.851293547,1,1,1,0.2470703125,0.2041545604,0.2899860646
utility,106,8,-0.21875,-0.4804101147,0.0429101147,-0.265625,-0.4994318113,-0.03181818872,0.4296875,0.3188133984,0.5405616016,0.8636462743,0.7341672835,0.993125265,0.8645245808,0.7284135805,1.000635581,0.01956282653,-0.03856583933,0.07769149239,0.01356999282,0.01205764617,0.01508233946,1.05923977,0.4005868977,1.717892642,1,1,1,0.255859375,0.2206846403,0.2910341097
utility,107,8,-0.25390625,-0.5084117927,0.0005992927472,-0.32421875,-0.523344341,-0.125093159,0.40625,0.2976653556,0.5148346444,0.8545305466,0.7147826289,0.9942784644,0.8606486276,0.7373490326,0.9839482226,-0.02150039253,-0.05849341577,0.01549263071,0.01337167913,0.0118941991,0.01484915916,0.9278937321,0.2640981564,1.591689308,1,1,1,0.232421875,0.2028046679,0.2620390821
utility,108,8,-0.28125,-0.496560459,-0.06593954101,-0.28125,-0.4433022678,-0.1191977322,0.3984375,0.3332147746,0.4636602254,0.8716454224,0.7506877482,0.9926030965,0.9046406279,0.8429756238,0.9663056319,0.003308304485,-0.05005053431,0.05666714328,0.01259956457,0.01127916664,0.01391996249,0.6531860662,0.1560227426,1.15034939,1,1,1,0.263671875,0.2257477596,0.3015959904
utility,109,8,-0.21484375,-0.4648344237,0.03514692365,-0.24609375,-0.4070831985,-0.08510430147,0.3984375,0.3067449729,0.4901300271,0.8731993048,0.7429068085,1.003491801,0.9193099454,0.8621551994,0.9764646913,0.02180508612,-0.01384133182,0.05745150406,0.01259956457,0.01127916664,0.01391996249,0.6531860662,0.1560227426,1.15034939,1,1,1,0.21875,0.1950633039,0.2424366961
utility,110,8,-0.23046875,-0.4966817481,0.03574424809,-0.203125,-0.4209103731,0.01466037313,0.43359375,0.3564320324,0.5107554676,0.8523808766,0.6970717528,1.00769,0.9046741348,0.8542483158,0.9550999539,0.02914277882,0.004507090238,0.0537784674,0.01216987707,0.01069718894,0.0136425652,0.5144360662,0.2870962321,0.7417759003,1,1,1,0.2529296875,0.2227262907,0.2831330843
utility,111,8,-0.25390625,-0.5131065394,0.005294039427,-0.26953125,-0.4891354416,-0.04992705838,0.4296875,0.3379949729,0.5213800271,0.8471335555,0.6825666645,1.011700447,0.8756860688,0.7708344951,0.9805376425,-0.008484343192,-0.03667773678,0.01970905039,0.01216987707,0.01069718894,0.0136425652,0.5144360662,0.2870962321,0.7417759003,1,1,1,0.2685546875,0.2299534855,0.3071558895
utility,112,8,-0.25390625,-0.5017438216,-0.006068678365,-0.34375,-0.5332435685,-0.1542564315,0.41015625,0.3151006279,0.5052118721,0.8553971288,0.6914678079,1.01932645,0.8567281258,0.7413993819,0.9720568697,0.01152511822,-0.035395909,0.05844614544,0.01216987707,0.01069718894,0.0136425652,0.5144360662,0.2870962321,0.7417759003,1,1,1,0.2509765625,0.2145518547,0.2874012703
utility,113,8,-0.2578125,-0.4915476683,-0.02407733169,-0.34375,-0.4840913807,-0.2034086193,0.4453125,0.3604499043,0.5301750957,0.867076133,0.7260899661,1.0080623,0.8823986084,0.7967235072,0.9680737096,-0.002338114194,-0.06918616775,0.06450993936,0.01216987707,0.01069718894,0.0136425652,0.5144360662,0.2870962321,0.7417759003,1,1,1,0.2412109375,0.2082881087,0.2741337663
utility,114,8,-0.2734375,-0.5145095279,-0.03236547206,-0.35546875,-0.5013972996,-0.2095402004,0.45703125,0.3286891131,0.5853733869,0.8505836883,0.6793968945,1.021770482,0.874606952,0.7982644374,0.9509494665,0.005718860665,-0.02475411523,0.03619183656,0.01216987707,0.01069718894,0.0136425652,0.5144360662,0.2870962321,0.7417759003,1,1,1,0.2275390625,0.1967181559,0.2583599691
utility,115,8,-0.31640625,-0.5415833179,-0.09122918209,-0.3828125,-0.5939600806,-0.1716649194,0.45703125,0.3345654345,0.5794970655,0.8472115479,0.7109441717,0.9834789242,0.8245044247,0.7304952086,0.9185136407,0.01502609943,-0.0429011728,0.07295337167,0.01216987707,0.01069718894,0.0136425652,0.5144360662,0.2870962321,0.7417759003,1,1,1,0.251953125,0.2160712897,0.2878349603
utility,116,8,-0.30859375,-0.5355488516,-0.08163864835,-0.39453125,-0.6018971352,-0.1871653648,0.421875,0.3176985421,0.5260514579,0.8528622002,0.7401663503,0.9655580501,0.8183370162,0.711913919,0.9247601134,-0.03533628493,-0.07599157653,0.005319006674,0.01190776526,0.01014003374,0.01367549678,0.3810484883,0.3244810798,0.4376158968,1,1,1,0.2216796875,0.1838453825,0.2595139925
utility,117,8,-0.359375,-0.5780812456,-0.1406687544,-0.37890625,-0.5300219736,-0.2277905264,0.45703125,0.3803048629,0.5337576371,0.82950358,0.6993936575,0.9596135025,0.8560349224,0.7457540926,0.9663157522,0.005238349116,-0.03451457153,0.04499126976,0.01190776526,0.01014003374,0.01367549678,0.3810484883,0.3244810798,0.4376158968,1,1,1,0.2626953125,0.2311360759,0.2942545491
utility,118,8,-0.390625,-0.6200936457,-0.1611563543,-0.3984375,-0.5111096773,-0.2857653227,0.4453125,0.3507426473,0.5398823527,0.8030303911,0.6659102607,0.9401505215,0.8618946713,0.7877979937,0.935991349,0.008022532848,-0.01083035883,0.02687542453,0.01190776526,0.01014003374,0.01367549678,0.3810484883,0.3244810798,0.4376158968,1,1,1,0.2373046875,0.2172689757,0.2573403993
utility,119,8,-0.390625,-0.6497121897,-0.1315378103,-0.47265625,-0.6007371304,-0.3445753696,0.43359375,0.3291363303,0.5380511697,0.774096934,0.5912077327,0.9569861353,0.8043704852,0.711360045,0.8973809255,0.002039291212,-0.02728404615,0.03136262858,0.01190776526,0.01014003374,0.01367549678,0.3810484883,0.3244810798,0.4376158968,1,1,1,0.2353515625,0.2070815101,0.2636216149
utility,120,8,-0.3671875,-0.6475717578,-0.08680324218,-0.44921875,-0.5992220866,-0.2992154134,0.46484375,0.3603863303,0.5693011697,0.7720826806,0.5921036619,0.9520616993,0.8121112346,0.7127834328,0.9114390364,-0.003649589639,-0.05487673143,0.04757755215,0.01190776526,0.01014003374,0.01367549678,0.3810484883,0.3244810798,0.4376158968,1,1,1,0.251953125,0.2054944924,0.2984117576
utility,121,8,-0.3359375,-0.6717668431,-0.0001081569457,-0.44140625,-0.6105135829,-0.2722989171,0.46484375,0.2929857253,0.6367017747,0.7265695288,0.4945613468,0.9585777107,0.8048921731,0.6726150055,0.9371693407,0.03018477052,-0.01849428451,0.07886382555,0.01190776526,0.01014003374,0.01367549678,0.3810484883,0.3244810798,0.4376158968,1,1,1,0.248046875,0.1823285169,0.3137652331
utility,122,8,-0.37890625,-0.6966307416,-0.06118175844,-0.421875,-0.6693237005,-0.1744262995,0.51953125,0.3922373564,0.6468251436,0.722638832,0.5044468325,0.9408308316,0.7628596079,0.5843596882,0.9413595275,0.01504198597,-0.008795422049,0.038879394,0.01190776526,0.01014003374,0.01367549678,0.3810484883,0.3244810798,0.4376158968,1,1,1,0.23828125,0.1819451614,0.2946173386
utility,123,8,-0.3359375,-0.6575,-0.014375,-0.34375,-0.5705759244,-0.1169240756,0.5078125,0.3806173221,0.6350076779,0.7465592065,0.5381800077,0.9549384053,0.8290073663,0.6737549005,0.9842598321,-0.02940150645,-0.07207319145,0.01327017855,0.01190776526,0.01014003374,0.01367549678,0.3810484883,0.3244810798,0.4376158968,1,1,1,0.2470703125,0.1897077129,0.3044329121
utility,124,8,-0.375,-0.715632454,-0.03436754595,-0.37890625,-0.6665292281,-0.09128327189,0.57421875,0.4469248564,0.7015126436,0.7026595956,0.488136815,0.9171823762,0.7605651039,0.5902074183,0.9309227894,0.02401571994,-0.007921416996,0.05595285687,0.01190776526,0.01014003374,0.01367549678,0.3810484883,0.3244810798,0.4376158968,1,1,1,0.2470703125,0.2003252941,0.2938153309
utility,125,8,-0.3359375,-0.6960255155,0.0241505155,-0.28515625,-0.5932464246,0.02293392457,0.51171875,0.3881637229,0.6352737771,0.707654652,0.5034771314,0.9118321726,0.7987034958,0.6631518861,0.9342551055,-0.01844467956,-0.05674924207,0.01985988295,0.01190776526,0.01014003374,0.01367549678,0.3810484883,0.3244810798,0.4376158968,1,1,1,0.228515625,0.1756494702,0.2813817798
utility,126,8,-0.3671875,-0.7519201842,0.01754518419,-0.375,-0.7054500955,-0.04454990449,0.546875,0.3811439019,0.7126060981,0.6444351293,0.3926143735,0.8962558852,0.7161200547,0.5112784426,0.9209616668,0.03177984433,-0.02489439838,0.08845408704,0.01190776526,0.01014003374,0.01367549678,0.3810484883,0.3244810798,0.4376158968,1,1,1,0.2294921875,0.1857071673,0.2732772077
utility,127,8,-0.34375,-0.7273055289,0.0398055289,-0.3203125,-0.5992594946,-0.04136550543,0.4921875,0.3387347258,0.6456402742,0.673340044,0.4575511985,0.8891288896,0.8058240834,0.6647468744,0.9469012925,-0.04120113972,-0.06436178019,-0.01804049924,0.01190776526,0.01014003374,0.01367549678,0.3810484883,0.3244810798,0.4376158968,1,1,1,0.203125,0.1525043405,0.2537456595
utility,128,8,-0.3046875,-0.7112624902,0.1018874902,-0.3125,-0.5558538447,-0.06914615526,0.4453125,0.3079869715,0.5826380285,0.6679758035,0.4579913282,0.8779602788,0.8410566624,0.7377513397,0.9443619852,0.01319491808,-0.02874451565,0.0551343518,0.01190776526,0.01014003374,0.01367549678,0.3810484883,0.3244810798,0.4376158968,1,1,1,0.234375,0.1902980963,0.2784519037
utility,129,8,-0.28125,-0.7152799889,0.1527799889,-0.33203125,-0.5770141596,-0.08704834044,0.44921875,0.3431701127,0.5552673873,0.6341873016,0.3936160221,0.8747585811,0.8310207669,0.7380195893,0.9240219446,0.0009108163045,-0.04451241617,0.04633404878,0.01190776526,0.01014003374,0.01367549678,0.3810484883,0.3244810798,0.4376158968,1,1,1,0.2294921875,0.2194939424,0.2394904326
utility,130,8,-0.29296875,-0.7578433813,0.1719058813,-0.34375,-0.5984035637,-0.08909643631,0.48046875,0.3850613945,0.5758761055,0.5793750835,0.3285962127,0.8301539544,0.816003275,0.7045674179,0.9274391321,0.03039406055,0.006330859053,0.05445726205,0.01190776526,0.01014003374,0.01367549678,0.3810484883,0.3244810798,0.4376158968,1,1,1,0.228515625,0.1806367266,0.2763945234
utility,131,8,-0.296875,-0.7669178006,0.1731678006,-0.36328125,-0.6013295993,-0.1252329007,0.49609375,0.3916363303,0.6005511697,0.5687844127,0.3160824324,0.8214863931,0.8155412989,0.6935982056,0.9374843922,0.006802763915,-0.02785341649,0.04145894432,0.01190776526,0.01014003374,0.01367549678,0.3810484883,0.3244810798,0.4376158968,1,1,1,0.205078125,0.1688479142,0.2413083358
utility,132,8,-0.30859375,-0.8002912491,0.1831037491,-0.3671875,-0.6487638731,-0.08561112687,0.51953125,0.3948965298,0.6441659702,0.5208202375,0.2524438351,0.78919664,0.7774720425,0.6345529264,0.9203911586,0.008647282508,-0.02788706089,0.0451816259,0.01190776526,0.01014003374,0.01367549678,0.3810484883,0.3244810798,0.4376158968,1,1,1,0.2109375,0.1655501695,0.2563248305
utility,133,8,-0.33203125,-0.7990625,0.135,-0.40625,-0.7309740415,-0.0815259585,0.55859375,0.401394058,0.715793442,0.556191837,0.3123633762,0.8000202979,0.709787082,0.5465130576,0.8730611064,0.006116264031,-0.02579752332,0.03803005138,0.01190776526,0.01014003374,0.01367549678,0.3810484883,0.3244810798,0.4376158968,1,1,1,0.201171875,0.1465911198,0.2557526302
utility,134,8,-0.3515625,-0.8227085636,0.1195835636,-0.37109375,-0.6667564475,-0.07543105255,0.51171875,0.4025572396,0.6208802604,0.5357209782,0.2897048088,0.7817371476,0.7649374557,0.6348189793,0.8950559321,-0.01899724361,-0.04795881346,0.00996432624,0.01190776526,0.01014003374,0.01367549678,0.3810484883,0.3244810798,0.4376158968,1,1,1,0.21484375,0.1592558498,0.2704316502
utility,135,8,-0.34765625,-0.7665168056,0.0712043056,-0.328125,-0.6020433272,-0.05420667276,0.54296875,0.4541053486,0.6318321514,0.6292486498,0.4268963984,0.8316009012,0.8078269806,0.6823477871,0.9333061742,-0.03090741616,-0.07633968446,0.01452485213,0.01190776526,0.01014003374,0.01367549678,0.3810484883,0.3244810798,0.4376158968,1,1,1,0.22265625,0.1808212061,0.2644912939
utility,136,8,-0.36328125,-0.8094789721,0.08291647212,-0.37109375,-0.5938780334,-0.1483094666,0.5,0.3951824502,0.6048175498,0.5727367805,0.3441685316,0.8013050294,0.8258603584,0.7518950423,0.8998256745,0.0005087836547,-0.04280934874,0.04382691605,0.01190776526,0.01014003374,0.01367549678,0.3810484883,0.3244810798,0.4376158968,1,1,1,0.2353515625,0.1862050226,0.2844981024
utility,137,8,-0.36328125,-0.8227929484,0.09623044841,-0.41796875,-0.6839299802,-0.1520075198,0.53125,0.3834682247,0.6790317753,0.5525611738,0.3253701893,0.7797521584,0.7588787703,0.6244382792,0.8933192614,0.008072515948,-0.02840855188,0.04455358377,0.01190776526,0.01014003374,0.01367549678,0.3810484883,0.3244810798,0.4376158968,1,1,1,0.23828125,0.1810602472,0.2955022528
utility,138,8,-0.359375,-0.8158240148,0.09707401481,-0.39453125,-0.6433130967,-0.1457494033,0.49609375,0.349935843,0.642251657,0.5650564094,0.3539975129,0.7761153058,0.7904707443,0.6806042448,0.9003372437,-0.01631272573,-0.05595557272,0.02333012127,0.01190776526,0.01014003374,0.01367549678,0.3810484883,0.3244810798,0.4376158968,1,1,1,0.2060546875,0.1614173242,0.2506920508
utility,139,8,-0.37890625,-0.8675971282,0.1097846282,-0.421875,-0.6865896164,-0.1571603836,0.48046875,0.3196875,0.64125,0.4921354541,0.2624816922,0.721789216,0.7586786422,0.63561236,0.8817449245,0.02995640867,-0.004060250627,0.06397306796,0.01190776526,0.01014003374,0.01367549678,0.3810484883,0.3244810798,0.4376158968,1,1,1,0.212890625,0.1485241112,0.2772571388
utility,140,8,-0.37109375,-0.8240713392,0.08188383917,-0.40625,-0.6357186457,-0.1767813543,0.49609375,0.3618830037,0.6303044963,0.5599539419,0.3427209214,0.7771869624,0.7959390031,0.6812527688,0.9106252374,-0.02111651001,-0.06153156283,0.0192985428,0.01190776526,0.01014003374,0.01367549678,0.3810484883,0.3244810798,0.4376158968,1,1,1,0.2109375,0.1750265043,0.2468484957
utility,141,8,-0.39453125,-0.8524364507,0.06337395073,-0.35546875,-0.6236873835,-0.08725011651,0.5078125,0.4037969325,0.6118280675,0.5394843609,0.3338608951,0.7451078268,0.7998425349,0.6943723097,0.9053127601,-0.01135914735,-0.07713805169,0.05441975698,0.01190776526,0.01014003374,0.01367549678,0.3810484883,0.3244810798,0.4376158968,1,1,1,0.2216796875,0.1727465972,0.2706127778
utility,142,8,-0.40234375,-0.8487666255,0.04407912552,-0.375,-0.6322708325,-0.1177291675,0.48828125,0.357867901,0.618694599,0.5533631787,0.3542503469,0.7524760105,0.7974971826,0.6990611973,0.895933168,-0.02087364331,-0.04894972107,0.007202434458,0.01190776526,0.01014003374,0.01367549678,0.3810484883,0.3244810798,0.4376158968,1,1,1,0.2255859375,0.1809954992,0.2701763758
utility,143,8,-0.4453125,-0.8743358504,-0.01628914964,-0.39453125,-0.6070032725,-0.1820592275,0.45703125,0.3460439152,0.5680185848,0.5455917498,0.348523276,0.7426602236,0.8165048196,0.7232015326,0.9098081066,0.0004797537795,-0.02721250168,0.02817200923,0.01190776526,0.01014003374,0.01367549678,0.3810484883,0.3244810798,0.4376158968,1,1,1,0.23828125,0.1980794276,0.2784830724
utility,144,8,-0.45703125,-0.9026280069,-0.01143449314,-0.3828125,-0.6709735945,-0.09465140546,0.50390625,0.4177218037,0.5900906963,0.5047213635,0.2892405935,0.7202021336,0.7668789837,0.6592002048,0.8745577625,0.02885643866,-0.001964089017,0.05967696633,0.01190776526,0.01014003374,0.01367549678,0.3810484883,0.3244810798,0.4376158968,1,1,1,0.240234375,0.1810883837,0.2993803663
utility,145,8,-0.5,-0.91863058,-0.08136942001,-0.37109375,-0.6644818665,-0.07770563348,0.55078125,0.4344883102,0.6670741898,0.5161906569,0.3387696629,0.6936116508,0.7675458759,0.6425653535,0.8925263983,-0.01767198649,-0.06273999638,0.02739602341,0.01190776526,0.01014003374,0.01367549678,0.3810484883,0.3244810798,0.4376158968,1,1,1,0.232421875,0.1787695632,0.2860741868
utility,146,8,-0.50390625,-0.9158320163,-0.09198048373,-0.4453125,-0.7139834549,-0.1766415451,0.53515625,0.388998343,0.681314157,0.519812646,0.3336152232,0.7060100688,0.7394536277,0.6207335213,0.858173734,0.008472451217,-0.04196345136,0.05890835379,0.01190776526,0.01014003374,0.01367549678,0.3810484883,0.3244810798,0.4376158968,1,1,1,0.23828125,0.1856333464,0.2909291536
utility,147,8,-0.51953125,-0.9323505216,-0.1067119784,-0.44140625,-0.721954724,-0.160857776,0.5390625,0.4156091782,0.6625158218,0.5042582556,0.3231606839,0.6853558274,0.7334213832,0.6225583255,0.8442844409,-0.002694400264,-0.02367640208,0.01828760156,0.01190776526,0.01014003374,0.01367549678,0.3810484883,0.3244810798,0.4376158968,1,1,1,0.2197265625,0.1782495997,0.2612035253
utility,148,8,-0.54296875,-0.9633459813,-0.1225915187,-0.51953125,-0.7842300488,-0.2548324512,0.5625,0.4713570834,0.6536429166,0.4727563809,0.3088664508,0.6366463111,0.684217491,0.5792665625,0.7891684195,0.03210353952,-0.008048142997,0.07225522203,0.01190776526,0.01014003374,0.01367549678,0.3810484883,0.3244810798,0.4376158968,1,1,1,0.23046875,0.19709593,0.26384157
utility,149,8,-0.54296875,-0.982967668,-0.102969832,-0.4765625,-0.7750019633,-0.1781230367,0.54296875,0.4828920981,0.6030454019,0.4391631436,0.2643630522,0.613963235,0.6912837133,0.5872328335,0.7953345932,0.02617230638,-0.02264109743,0.07498571018,0.01190776526,0.01014003374,0.01367549678,0.3810484883,0.3244810798,0.4376158968,1,1,1,0.1943359375,0.1588427388,0.2298291362
utility,150,8,-0.5703125,-1.021706716,-0.118918284,-0.484375,-0.8117700213,-0.1569799787,0.609375,0.4863293403,0.7324206597,0.3844814354,0.19866077,0.5703021008,0.6542366525,0.5335120764,0.7749612285,0.01881685853,-0.02286760489,0.06050132196,0.01190776526,0.01014003374,0.01367549678,0.3810484883,0.3244810798,0.4376158968,1,1,1,0.1943359375,0.1447652556,0.2439066194
utility,151,8,-0.5703125,-0.997928187,-0.142696813,-0.50390625,-0.8698420487,-0.1379704513,0.62109375,0.4634684743,0.7787190257,0.4300811731,0.2629037293,0.597258617,0.5906882234,0.4503375338,0.7310389131,0.001184198648,-0.02956289799,0.03193129528,0.01190776526,0.01014003374,0.01367549678,0.3810484883,0.3244810798,0.4376158968,1,1,1,0.1865234375,0.1552976412,0.2177492338
utility,152,8,-0.5625,-0.9985319118,-0.1264680882,-0.515625,-0.8626868866,-0.1685631134,0.65625,0.5149571415,0.7975428585,0.4244676828,0.2542358959,0.5946994697,0.5982334624,0.4378262689,0.7586406558,0.002940289401,-0.02896986205,0.03485044086,0.01190776526,0.01014003374,0.01367549678,0.3810484883,0.3244810798,0.4376158968,1,1,1,0.1552734375,0.1044515637,0.2060953113
utility,153,8,-0.546875,-0.9825995223,-0.1111504777,-0.515625,-0.8036116805,-0.2276383195,0.609375,0.4789295492,0.7398204508,0.4443894972,0.2784115835,0.610367411,0.6632028701,0.5284259725,0.7979797677,-0.02661359195,-0.08286674356,0.02963955965,0.01190776526,0.01014003374,0.01367549678,0.3810484883,0.3244810798,0.4376158968,1,1,1,0.18359375,0.1375651944,0.2296223056
utility,154,8,-0.55859375,-0.9850622893,-0.1321252107,-0.5,-0.8090806681,-0.1909193319,0.62890625,0.5389191361,0.7188933639,0.4461096496,0.2813130611,0.6109062382,0.658867842,0.5354178453,0.7823178386,-0.009365781613,-0.0506316245,0.03190006127,0.01190776526,0.01014003374,0.01367549678,0.3810484883,0.3244810798,0.4376158968,1,1,1,0.2119140625,0.182912925,0.2409152
utility,155,8,-0.51953125,-0.9622622819,-0.07680021811,-0.4921875,-0.7768400088,-0.2075349912,0.51171875,0.4069411535,0.6164963465,0.4573429282,0.2732999806,0.6413858758,0.6896607687,0.5766314852,0.8026900521,-0.02414984194,-0.05580253009,0.007502846223,0.01190776526,0.01014003374,0.01367549678,0.3810484883,0.3244810798,0.4376158968,1,1,1,0.185546875,0.1541455811,0.2169481689
utility,156,8,-0.53125,-0.9708014404,-0.09169855961,-0.41796875,-0.7270358711,-0.1089016289,0.51953125,0.4180008464,0.6210616536,0.4433154516,0.2390941858,0.6475367173,0.7245014409,0.6134532301,0.8355496517,0.008348323664,-0.02539137585,0.04208802318,0.01190776526,0.01014003374,0.01367549678,0.3810484883,0.3244810798,0.4376158968,1,1,1,0.1953125,0.1629589387,0.2276660613
utility,157,8,-0.55859375,-0.9836461652,-0.1335413348,-0.49609375,-0.793338298,-0.198849202,0.5,0.3417120405,0.6582879595,0.4397729214,0.2459767915,0.6335690514,0.665605542,0.4992664634,0.8319446205,0.0005067812433,-0.05555441874,0.05656798123,0.01190776526,0.01014003374,0.01367549678,0.3810484883,0.3244810798,0.4376158968,1,1,1,0.1865234375,0.1478680393,0.2251788357
utility,158,8,-0.5703125,-1.021706716,-0.118918284,-0.53125,-0.8140726863,-0.2484273137,0.578125,0.4695403556,0.6867096444,0.3777145232,0.1737948413,0.5816342052,0.6560301428,0.5374463536,0.7746139321,0.02907113788,-0.01255416035,0.07069643612,0.01190776526,0.01014003374,0.01367549678,0.3810484883,0.3244810798,0.4376158968,1,1,1,0.1875,0.1517057884,0.2232942116
utility,159,8,-0.54296875,-0.9902162182,-0.09572128175,-0.6171875,-0.8725634866,-0.3618115134,0.55859375,0.3859578632,0.7312296368,0.4286274178,0.2583408108,0.5989140248,0.5859682116,0.4314526063,0.7404838169,0.00410305742,-0.05069843805,0.05890455289,0.01190776526,0.01014003374,0.01367549678,0.3810484883,0.3244810798,0.4376158968,1,1,1,0.1826171875,0.1354264378,0.2298079372
