application,original_relative_path,archive_member,source_compression,stored_sha256,logical_sha256,logical_size_bytes
utility_restoration,v8-hysteresis_repair_pilot_v2-utility_restoration-large-high-high-high-scale_free-private_fragmented-8812306-always_on-f06f6808d09b-uint8_simplex-frozen_local_rule/causal_chains.json.gz,v8-hysteresis_repair_pilot_v2-utility_restoration-large-high-high-high-scale_free-private_fragmented-8812306-always_on-f06f6808d09b-uint8_simplex-frozen_local_rule/causal_chains.json,gzip,511d78d22aaf89d2fd767ecb998b158e335ba40f3447ff474e10379346639e40,07eec86155eeb5aad65331ab3c05b63d1c56edd6a3a075b415be80a1ad919bc0,59961
utility_restoration,v8-hysteresis_repair_pilot_v2-utility_restoration-large-high-high-high-scale_free-private_fragmented-8812306-always_on-f06f6808d09b-uint8_simplex-frozen_local_rule/decisions.csv.gz,v8-hysteresis_repair_pilot_v2-utility_restoration-large-high-high-high-scale_free-private_fragmented-8812306-always_on-f06f6808d09b-uint8_simplex-frozen_local_rule/decisions.csv,gzip,e9325a56125578cc6fe6a347d8b49cba55dbe6ee8da6945a144f6071d5739084,4206f3e9eaae83d6e87504ae60ac9632ed328c576b4dad6a747e35315e61be85,194887
utility_restoration,v8-hysteresis_repair_pilot_v2-utility_restoration-large-high-high-high-scale_free-private_fragmented-8812306-always_on-f06f6808d09b-uint8_simplex-frozen_local_rule/deliveries.csv.gz,v8-hysteresis_repair_pilot_v2-utility_restoration-large-high-high-high-scale_free-private_fragmented-8812306-always_on-f06f6808d09b-uint8_simplex-frozen_local_rule/deliveries.csv,gzip,3a107fe08b27ba9089eece898b289a2c5f95b9dbd50cc31bc427790b9e1c9786,6396128c958299452c01aa9432aaefa9a5585471213d7df9f70d60fea228454d,19199015
utility_restoration,v8-hysteresis_repair_pilot_v2-utility_restoration-large-high-high-high-scale_free-private_fragmented-8812306-always_on-f06f6808d09b-uint8_simplex-frozen_local_rule/edge_communication.csv.gz,v8-hysteresis_repair_pilot_v2-utility_restoration-large-high-high-high-scale_free-private_fragmented-8812306-always_on-f06f6808d09b-uint8_simplex-frozen_local_rule/edge_communication.csv,gzip,263bd5e9eb22fb206195404da0917740d992d3af8e3da8332f031e2fbed349c6,1be75a33366b8dad923dcc2e0b395dfdde8ecf35abeea2146df886da0772bd32,17276
utility_restoration,v8-hysteresis_repair_pilot_v2-utility_restoration-large-high-high-high-scale_free-private_fragmented-8812306-always_on-f06f6808d09b-uint8_simplex-frozen_local_rule/episode.json,v8-hysteresis_repair_pilot_v2-utility_restoration-large-high-high-high-scale_free-private_fragmented-8812306-always_on-f06f6808d09b-uint8_simplex-frozen_local_rule/episode.json,plain,75bd17625ab3067f8e30e9af2fffdca8fec2ff6e37a0ec4a82ff9c755f9fe49a,75bd17625ab3067f8e30e9af2fffdca8fec2ff6e37a0ec4a82ff9c755f9fe49a,7932
utility_restoration,v8-hysteresis_repair_pilot_v2-utility_restoration-large-high-high-high-scale_free-private_fragmented-8812306-always_on-f06f6808d09b-uint8_simplex-frozen_local_rule/estimation.csv.gz,v8-hysteresis_repair_pilot_v2-utility_restoration-large-high-high-high-scale_free-private_fragmented-8812306-always_on-f06f6808d09b-uint8_simplex-frozen_local_rule/estimation.csv,gzip,767f52039720989f6b84ac02954860f0e332b828892afddafc28375625f33aab,5979e0df22fa9c35b228a03521728a2a3d7da0d2be80ad15988ecad4c8f49c93,448042
utility_restoration,v8-hysteresis_repair_pilot_v2-utility_restoration-large-high-high-high-scale_free-private_fragmented-8812306-always_on-f06f6808d09b-uint8_simplex-frozen_local_rule/events.jsonl.xz,v8-hysteresis_repair_pilot_v2-utility_restoration-large-high-high-high-scale_free-private_fragmented-8812306-always_on-f06f6808d09b-uint8_simplex-frozen_local_rule/events.jsonl,xz,d5394b113be7e8fc8974c56560d6278f75bb4aa318668661f8565ca700c62f6e,75b325a7d89a17c8b3652e30f425c6a1ed06a800613dfb9b10100adf06912a56,146338026
utility_restoration,v8-hysteresis_repair_pilot_v2-utility_restoration-large-high-high-high-scale_free-private_fragmented-8812306-always_on-f06f6808d09b-uint8_simplex-frozen_local_rule/triggers.csv.gz,v8-hysteresis_repair_pilot_v2-utility_restoration-large-high-high-high-scale_free-private_fragmented-8812306-always_on-f06f6808d09b-uint8_simplex-frozen_local_rule/triggers.csv,gzip,4d10ac098e7d2848050afc5fea62202a7133aee198423fbbee6483043eb0103b,bb5984d97b73da9a4fd228e1957cadfede18062b518c9e2e02b7006601eef631,180407
utility_restoration,v8-hysteresis_repair_pilot_v2-utility_restoration-large-high-high-high-scale_free-private_fragmented-8812306-generalized_information-51c1900045ef-uint8_simplex-frozen_local_rule/causal_chains.json.gz,v8-hysteresis_repair_pilot_v2-utility_restoration-large-high-high-high-scale_free-private_fragmented-8812306-generalized_information-51c1900045ef-uint8_simplex-frozen_local_rule/causal_chains.json,gzip,00b0500a5c180836ae9c54d6a5c01fa32f960b054081804afb906499c8675bb8,5595fd6613b5d8d2579be1a86932e434d3ce7cb9878e927600737b8e747cee4c,60414
utility_restoration,v8-hysteresis_repair_pilot_v2-utility_restoration-large-high-high-high-scale_free-private_fragmented-8812306-generalized_information-51c1900045ef-uint8_simplex-frozen_local_rule/decisions.csv.gz,v8-hysteresis_repair_pilot_v2-utility_restoration-large-high-high-high-scale_free-private_fragmented-8812306-generalized_information-51c1900045ef-uint8_simplex-frozen_local_rule/decisions.csv,gzip,4a72002e663f645c1029a4dbfd506a89ce2bbd2b2435186d1764d9e33e166e9d,b25e4996ed1fd1cebcb740370a4c9c2b5c0b100398d7f5b8add6cd950a216358,209388
utility_restoration,v8-hysteresis_repair_pilot_v2-utility_restoration-large-high-high-high-scale_free-private_fragmented-8812306-generalized_information-51c1900045ef-uint8_simplex-frozen_local_rule/deliveries.csv.gz,v8-hysteresis_repair_pilot_v2-utility_restoration-large-high-high-high-scale_free-private_fragmented-8812306-generalized_information-51c1900045ef-uint8_simplex-frozen_local_rule/deliveries.csv,gzip,fcdc5ce5c92e4e7a2a626f169d11eeba265d751910e4bd85a969b0153272d7f2,676a1cfd7ed09284396eae6b93e8b0cda7884f051195864799f349a95ff66c28,10969628
utility_restoration,v8-hysteresis_repair_pilot_v2-utility_restoration-large-high-high-high-scale_free-private_fragmented-8812306-generalized_information-51c1900045ef-uint8_simplex-frozen_local_rule/edge_communication.csv.gz,v8-hysteresis_repair_pilot_v2-utility_restoration-large-high-high-high-scale_free-private_fragmented-8812306-generalized_information-51c1900045ef-uint8_simplex-frozen_local_rule/edge_communication.csv,gzip,1ce72d74ac0d22aeea3335c47e0ed0e0300bd5541d7e25ca205802420c73bcaa,e3ccebf89a1c14825b3e5133f2de0aa1e8f961cd0c4d880430f1559264b080f9,17093
utility_restoration,v8-hysteresis_repair_pilot_v2-utility_restoration-large-high-high-high-scale_free-private_fragmented-8812306-generalized_information-51c1900045ef-uint8_simplex-frozen_local_rule/episode.json,v8-hysteresis_repair_pilot_v2-utility_restoration-large-high-high-high-scale_free-private_fragmented-8812306-generalized_information-51c1900045ef-uint8_simplex-frozen_local_rule/episode.json,plain,60a9a0e34bd1f19315da5a12f3e03c56872450ad877b5215ef8fc7dcef3a948a,60a9a0e34bd1f19315da5a12f3e03c56872450ad877b5215ef8fc7dcef3a948a,8163
utility_restoration,v8-hysteresis_repair_pilot_v2-utility_restoration-large-high-high-high-scale_free-private_fragmented-8812306-generalized_information-51c1900045ef-uint8_simplex-frozen_local_rule/estimation.csv.gz,v8-hysteresis_repair_pilot_v2-utility_restoration-large-high-high-high-scale_free-private_fragmented-8812306-generalized_information-51c1900045ef-uint8_simplex-frozen_local_rule/estimation.csv,gzip,144f1ac9d495c52abf1250751a5df4c7d93fa7ebe4c4d7d4fd79c020b9b883ec,ab3ad18af81f62e52899aec233641c276782ac20e4604e6afaf324deb400433b,447491
utility_restoration,v8-hysteresis_repair_pilot_v2-utility_restoration-large-high-high-high-scale_free-private_fragmented-8812306-generalized_information-51c1900045ef-uint8_simplex-frozen_local_rule/events.jsonl.xz,v8-hysteresis_repair_pilot_v2-utility_restoration-large-high-high-high-scale_free-private_fragmented-8812306-generalized_information-51c1900045ef-uint8_simplex-frozen_local_rule/events.jsonl,xz,f2ad16506177e71b4aff096e8750325dacadaac0c04ecdccc2f7a141ac58c6f7,2638ef906a206d7b17b9f8325552d648eca071951a597aca39131bb982660b28,84615178
utility_restoration,v8-hysteresis_repair_pilot_v2-utility_restoration-large-high-high-high-scale_free-private_fragmented-8812306-generalized_information-51c1900045ef-uint8_simplex-frozen_local_rule/triggers.csv.gz,v8-hysteresis_repair_pilot_v2-utility_restoration-large-high-high-high-scale_free-private_fragmented-8812306-generalized_information-51c1900045ef-uint8_simplex-frozen_local_rule/triggers.csv,gzip,746cf3ccc6a1092243dddf7acc694dee34cd42c822b35d64c5b67b720b065caa,96e177e9d945dd3f444ab57e8f70f340e4b8f273beeb033ec103bb8624e4bc61,209024
utility_restoration,v8-hysteresis_repair_pilot_v2-utility_restoration-large-high-high-high-scale_free-private_fragmented-8812306-generalized_information-f885a39c000a-uint8_simplex-frozen_local_rule/causal_chains.json.gz,v8-hysteresis_repair_pilot_v2-utility_restoration-large-high-high-high-scale_free-private_fragmented-8812306-generalized_information-f885a39c000a-uint8_simplex-frozen_local_rule/causal_chains.json,gzip,00b0500a5c180836ae9c54d6a5c01fa32f960b054081804afb906499c8675bb8,5595fd6613b5d8d2579be1a86932e434d3ce7cb9878e927600737b8e747cee4c,60414
utility_restoration,v8-hysteresis_repair_pilot_v2-utility_restoration-large-high-high-high-scale_free-private_fragmented-8812306-generalized_information-f885a39c000a-uint8_simplex-frozen_local_rule/decisions.csv.gz,v8-hysteresis_repair_pilot_v2-utility_restoration-large-high-high-high-scale_free-private_fragmented-8812306-generalized_information-f885a39c000a-uint8_simplex-frozen_local_rule/decisions.csv,gzip,4a72002e663f645c1029a4dbfd506a89ce2bbd2b2435186d1764d9e33e166e9d,b25e4996ed1fd1cebcb740370a4c9c2b5c0b100398d7f5b8add6cd950a216358,209388
utility_restoration,v8-hysteresis_repair_pilot_v2-utility_restoration-large-high-high-high-scale_free-private_fragmented-8812306-generalized_information-f885a39c000a-uint8_simplex-frozen_local_rule/deliveries.csv.gz,v8-hysteresis_repair_pilot_v2-utility_restoration-large-high-high-high-scale_free-private_fragmented-8812306-generalized_information-f885a39c000a-uint8_simplex-frozen_local_rule/deliveries.csv,gzip,fcdc5ce5c92e4e7a2a626f169d11eeba265d751910e4bd85a969b0153272d7f2,676a1cfd7ed09284396eae6b93e8b0cda7884f051195864799f349a95ff66c28,10969628
utility_restoration,v8-hysteresis_repair_pilot_v2-utility_restoration-large-high-high-high-scale_free-private_fragmented-8812306-generalized_information-f885a39c000a-uint8_simplex-frozen_local_rule/edge_communication.csv.gz,v8-hysteresis_repair_pilot_v2-utility_restoration-large-high-high-high-scale_free-private_fragmented-8812306-generalized_information-f885a39c000a-uint8_simplex-frozen_local_rule/edge_communication.csv,gzip,1ce72d74ac0d22aeea3335c47e0ed0e0300bd5541d7e25ca205802420c73bcaa,e3ccebf89a1c14825b3e5133f2de0aa1e8f961cd0c4d880430f1559264b080f9,17093
utility_restoration,v8-hysteresis_repair_pilot_v2-utility_restoration-large-high-high-high-scale_free-private_fragmented-8812306-generalized_information-f885a39c000a-uint8_simplex-frozen_local_rule/episode.json,v8-hysteresis_repair_pilot_v2-utility_restoration-large-high-high-high-scale_free-private_fragmented-8812306-generalized_information-f885a39c000a-uint8_simplex-frozen_local_rule/episode.json,plain,0bfdbbd6335d27312694bb2ba705013f5a2cb2fa9c4c4065a43a39ebf1abef68,0bfdbbd6335d27312694bb2ba705013f5a2cb2fa9c4c4065a43a39ebf1abef68,8163
utility_restoration,v8-hysteresis_repair_pilot_v2-utility_restoration-large-high-high-high-scale_free-private_fragmented-8812306-generalized_information-f885a39c000a-uint8_simplex-frozen_local_rule/estimation.csv.gz,v8-hysteresis_repair_pilot_v2-utility_restoration-large-high-high-high-scale_free-private_fragmented-8812306-generalized_information-f885a39c000a-uint8_simplex-frozen_local_rule/estimation.csv,gzip,144f1ac9d495c52abf1250751a5df4c7d93fa7ebe4c4d7d4fd79c020b9b883ec,ab3ad18af81f62e52899aec233641c276782ac20e4604e6afaf324deb400433b,447491
utility_restoration,v8-hysteresis_repair_pilot_v2-utility_restoration-large-high-high-high-scale_free-private_fragmented-8812306-generalized_information-f885a39c000a-uint8_simplex-frozen_local_rule/events.jsonl.xz,v8-hysteresis_repair_pilot_v2-utility_restoration-large-high-high-high-scale_free-private_fragmented-8812306-generalized_information-f885a39c000a-uint8_simplex-frozen_local_rule/events.jsonl,xz,4853e831ac792d14a011fcfa0f323d703a2f77c9dd903f377834f0ca68894623,80dbed65995ec204f60b338598fd325d6fbf6be4ec9a0e5dc9c6384a9a705e3b,84615178
utility_restoration,v8-hysteresis_repair_pilot_v2-utility_restoration-large-high-high-high-scale_free-private_fragmented-8812306-generalized_information-f885a39c000a-uint8_simplex-frozen_local_rule/triggers.csv.gz,v8-hysteresis_repair_pilot_v2-utility_restoration-large-high-high-high-scale_free-private_fragmented-8812306-generalized_information-f885a39c000a-uint8_simplex-frozen_local_rule/triggers.csv,gzip,746cf3ccc6a1092243dddf7acc694dee34cd42c822b35d64c5b67b720b065caa,96e177e9d945dd3f444ab57e8f70f340e4b8f273beeb033ec103bb8624e4bc61,209024
utility_restoration,v8-hysteresis_repair_pilot_v2-utility_restoration-large-high-high-high-scale_free-private_fragmented-8812306-kpi_change-314c8c128df2-uint8_simplex-frozen_local_rule/causal_chains.json.gz,v8-hysteresis_repair_pilot_v2-utility_restoration-large-high-high-high-scale_free-private_fragmented-8812306-kpi_change-314c8c128df2-uint8_simplex-frozen_local_rule/causal_chains.json,gzip,3661e36207365c096716f3875f5528c5fb5050de5830412ca271ceede4833606,48a53fd4a2ed1d4a8f12ae3d760da8e15e64060120839fb349562d7330553106,60432
utility_restoration,v8-hysteresis_repair_pilot_v2-utility_restoration-large-high-high-high-scale_free-private_fragmented-8812306-kpi_change-314c8c128df2-uint8_simplex-frozen_local_rule/decisions.csv.gz,v8-hysteresis_repair_pilot_v2-utility_restoration-large-high-high-high-scale_free-private_fragmented-8812306-kpi_change-314c8c128df2-uint8_simplex-frozen_local_rule/decisions.csv,gzip,e5fffbd892e3c3138f5d7c931c4bfa3053185e2abcbae3f9906a8bd442aa7bae,d0f77d51a123e41be25344c733f5aab9f1fc7569c4757e37dbbb7411479be336,195873
utility_restoration,v8-hysteresis_repair_pilot_v2-utility_restoration-large-high-high-high-scale_free-private_fragmented-8812306-kpi_change-314c8c128df2-uint8_simplex-frozen_local_rule/deliveries.csv.gz,v8-hysteresis_repair_pilot_v2-utility_restoration-large-high-high-high-scale_free-private_fragmented-8812306-kpi_change-314c8c128df2-uint8_simplex-frozen_local_rule/deliveries.csv,gzip,d3fd18beb83de9d8aa85a568c4b54eaf68e4c6dfa71459de29c1a3c1afeef7d4,553ec9ba00751e929b8f4f613e46dc398f9dd1725770ffc6e657b7de3be964d0,14230307
utility_restoration,v8-hysteresis_repair_pilot_v2-utility_restoration-large-high-high-high-scale_free-private_fragmented-8812306-kpi_change-314c8c128df2-uint8_simplex-frozen_local_rule/edge_communication.csv.gz,v8-hysteresis_repair_pilot_v2-utility_restoration-large-high-high-high-scale_free-private_fragmented-8812306-kpi_change-314c8c128df2-uint8_simplex-frozen_local_rule/edge_communication.csv,gzip,476adcd30d3756d22f5784b8f97c3cde224b2fc4784861685a1b77203197b04f,f42bb9341958ffca4f30e0e8dfc1d73ce33a21aef23b42b3d05a501a6f412df9,17144
utility_restoration,v8-hysteresis_repair_pilot_v2-utility_restoration-large-high-high-high-scale_free-private_fragmented-8812306-kpi_change-314c8c128df2-uint8_simplex-frozen_local_rule/episode.json,v8-hysteresis_repair_pilot_v2-utility_restoration-large-high-high-high-scale_free-private_fragmented-8812306-kpi_change-314c8c128df2-uint8_simplex-frozen_local_rule/episode.json,plain,55491d08564454d8900cbc71391a71b1b1d76452f70dd16080d310a5977b3a1e,55491d08564454d8900cbc71391a71b1b1d76452f70dd16080d310a5977b3a1e,8005
utility_restoration,v8-hysteresis_repair_pilot_v2-utility_restoration-large-high-high-high-scale_free-private_fragmented-8812306-kpi_change-314c8c128df2-uint8_simplex-frozen_local_rule/estimation.csv.gz,v8-hysteresis_repair_pilot_v2-utility_restoration-large-high-high-high-scale_free-private_fragmented-8812306-kpi_change-314c8c128df2-uint8_simplex-frozen_local_rule/estimation.csv,gzip,f165864f32d5aab43dbcabe8c0a50a7b95e9fb1aad2e82da95aca66a21441800,7522a1f6a8f2b8032e8c13909ad39d0fe7930944e58efaec6ce39a5b7b084b96,446593
utility_restoration,v8-hysteresis_repair_pilot_v2-utility_restoration-large-high-high-high-scale_free-private_fragmented-8812306-kpi_change-314c8c128df2-uint8_simplex-frozen_local_rule/events.jsonl.xz,v8-hysteresis_repair_pilot_v2-utility_restoration-large-high-high-high-scale_free-private_fragmented-8812306-kpi_change-314c8c128df2-uint8_simplex-frozen_local_rule/events.jsonl,xz,a30cd2665e036901923d5e7ce886c5555f700ccd86632bf13233c03b2d605e86,09b68bcc423c50c48c213cbad3851a14366e28c1ef9beb7bcf1e7511e7feca0b,109140418
utility_restoration,v8-hysteresis_repair_pilot_v2-utility_restoration-large-high-high-high-scale_free-private_fragmented-8812306-kpi_change-314c8c128df2-uint8_simplex-frozen_local_rule/triggers.csv.gz,v8-hysteresis_repair_pilot_v2-utility_restoration-large-high-high-high-scale_free-private_fragmented-8812306-kpi_change-314c8c128df2-uint8_simplex-frozen_local_rule/triggers.csv,gzip,0fde1e2651b7e4f75ec2217980a976ca2904352ae03931a33e9e52c7bfecd90a,5429796a7edeb45ab7714852a825e5488dac4cdabf062a26563692491266da1e,193599
utility_restoration,v8-hysteresis_repair_pilot_v2-utility_restoration-large-high-high-high-scale_free-private_fragmented-8812306-none-806ed450405e-uint8_simplex-frozen_local_rule/causal_chains.json.gz,v8-hysteresis_repair_pilot_v2-utility_restoration-large-high-high-high-scale_free-private_fragmented-8812306-none-806ed450405e-uint8_simplex-frozen_local_rule/causal_chains.json,gzip,007153449f7f1c8753d024257a57883582954629ff2b42b30a28d8af340aa058,fa8160441aa61380a274805a094230420447d6a7f5145656fd0cab16bd71eb5f,58442
utility_restoration,v8-hysteresis_repair_pilot_v2-utility_restoration-large-high-high-high-scale_free-private_fragmented-8812306-none-806ed450405e-uint8_simplex-frozen_local_rule/decisions.csv.gz,v8-hysteresis_repair_pilot_v2-utility_restoration-large-high-high-high-scale_free-private_fragmented-8812306-none-806ed450405e-uint8_simplex-frozen_local_rule/decisions.csv,gzip,ea4298ce07f6139a0a66fc5deb69bd322c7805cfec2fbfbd429422632661acf3,47055c2702f32a2e1ec01b58990e4c9223409861a5ec348eea18d0d44dedd11f,189571
utility_restoration,v8-hysteresis_repair_pilot_v2-utility_restoration-large-high-high-high-scale_free-private_fragmented-8812306-none-806ed450405e-uint8_simplex-frozen_local_rule/deliveries.csv.gz,v8-hysteresis_repair_pilot_v2-utility_restoration-large-high-high-high-scale_free-private_fragmented-8812306-none-806ed450405e-uint8_simplex-frozen_local_rule/deliveries.csv,gzip,9ceffb7310338057cfe71a4ae1e2c98d2c485d81cdef906532a801f457a38d64,e3b0c44298fc1c149afbf4c8996fb92427ae41e4649b934ca495991b7852b855,0
utility_restoration,v8-hysteresis_repair_pilot_v2-utility_restoration-large-high-high-high-scale_free-private_fragmented-8812306-none-806ed450405e-uint8_simplex-frozen_local_rule/edge_communication.csv.gz,v8-hysteresis_repair_pilot_v2-utility_restoration-large-high-high-high-scale_free-private_fragmented-8812306-none-806ed450405e-uint8_simplex-frozen_local_rule/edge_communication.csv,gzip,9ceffb7310338057cfe71a4ae1e2c98d2c485d81cdef906532a801f457a38d64,e3b0c44298fc1c149afbf4c8996fb92427ae41e4649b934ca495991b7852b855,0
utility_restoration,v8-hysteresis_repair_pilot_v2-utility_restoration-large-high-high-high-scale_free-private_fragmented-8812306-none-806ed450405e-uint8_simplex-frozen_local_rule/episode.json,v8-hysteresis_repair_pilot_v2-utility_restoration-large-high-high-high-scale_free-private_fragmented-8812306-none-806ed450405e-uint8_simplex-frozen_local_rule/episode.json,plain,976e65d735bc4a9bc63d188b786501b5dfeae244686f5018daffc06150ee8664,976e65d735bc4a9bc63d188b786501b5dfeae244686f5018daffc06150ee8664,7732
utility_restoration,v8-hysteresis_repair_pilot_v2-utility_restoration-large-high-high-high-scale_free-private_fragmented-8812306-none-806ed450405e-uint8_simplex-frozen_local_rule/estimation.csv.gz,v8-hysteresis_repair_pilot_v2-utility_restoration-large-high-high-high-scale_free-private_fragmented-8812306-none-806ed450405e-uint8_simplex-frozen_local_rule/estimation.csv,gzip,112599ebd11ebc97a91a5c6108300361178800c0ac3b13d40f9089b991764a7e,c5365e0a9f959b07483c350f4c353128150ca63a2885579027408e6365a03180,424629
utility_restoration,v8-hysteresis_repair_pilot_v2-utility_restoration-large-high-high-high-scale_free-private_fragmented-8812306-none-806ed450405e-uint8_simplex-frozen_local_rule/events.jsonl.xz,v8-hysteresis_repair_pilot_v2-utility_restoration-large-high-high-high-scale_free-private_fragmented-8812306-none-806ed450405e-uint8_simplex-frozen_local_rule/events.jsonl,xz,52a9cc9492a33a5a1d962ef3e9d1c2984216acb06bec47ecb5d20003d72d0f9c,9f21acabd6ef10641d3f581d5eba288eda657b1c3eec3f078c9efa9100d01633,3433001
utility_restoration,v8-hysteresis_repair_pilot_v2-utility_restoration-large-high-high-high-scale_free-private_fragmented-8812306-none-806ed450405e-uint8_simplex-frozen_local_rule/triggers.csv.gz,v8-hysteresis_repair_pilot_v2-utility_restoration-large-high-high-high-scale_free-private_fragmented-8812306-none-806ed450405e-uint8_simplex-frozen_local_rule/triggers.csv,gzip,7f74be4b24f86951f8473c059f84d1b87125106ebe2d66b0a25ff8127ab96539,de31d4618bbd71533d06f7da30d488d67b3ce0e495f370f33083b49229e78887,88582
utility_restoration,v8-hysteresis_repair_pilot_v2-utility_restoration-large-medium-medium-low-grid-private_fragmented-8812305-always_on-f06f6808d09b-uint8_simplex-frozen_local_rule/causal_chains.json.gz,v8-hysteresis_repair_pilot_v2-utility_restoration-large-medium-medium-low-grid-private_fragmented-8812305-always_on-f06f6808d09b-uint8_simplex-frozen_local_rule/causal_chains.json,gzip,fe60e3d460aa3aa0f6a75c502633abb5a5efa98182e3c9ce7ff908ec3255f179,03d50c9a991a15fcce45900b517e6cbf7ce3d2b8acfb6c6ac62e75f8ef9499c7,40684
utility_restoration,v8-hysteresis_repair_pilot_v2-utility_restoration-large-medium-medium-low-grid-private_fragmented-8812305-always_on-f06f6808d09b-uint8_simplex-frozen_local_rule/decisions.csv.gz,v8-hysteresis_repair_pilot_v2-utility_restoration-large-medium-medium-low-grid-private_fragmented-8812305-always_on-f06f6808d09b-uint8_simplex-frozen_local_rule/decisions.csv,gzip,ed9c10905dcf9a2bcc125ca1df9ba5f16422fc52db8d3378956e3f1f6363b2d0,ddabd0ea879032986ec0dcdf63bd3d2d0cb24a74b1c2e98b45215a10f3aa74f2,200703
utility_restoration,v8-hysteresis_repair_pilot_v2-utility_restoration-large-medium-medium-low-grid-private_fragmented-8812305-always_on-f06f6808d09b-uint8_simplex-frozen_local_rule/deliveries.csv.gz,v8-hysteresis_repair_pilot_v2-utility_restoration-large-medium-medium-low-grid-private_fragmented-8812305-always_on-f06f6808d09b-uint8_simplex-frozen_local_rule/deliveries.csv,gzip,019c1ddd7c75f7324208662e6a238d9caf5d4c05b32530b265e64821ca749fb6,c5dfb4f2891a880fdb080d5cc4aec487ed4de9bb39e21c8dd982e76a94202a71,3191375
utility_restoration,v8-hysteresis_repair_pilot_v2-utility_restoration-large-medium-medium-low-grid-private_fragmented-8812305-always_on-f06f6808d09b-uint8_simplex-frozen_local_rule/edge_communication.csv.gz,v8-hysteresis_repair_pilot_v2-utility_restoration-large-medium-medium-low-grid-private_fragmented-8812305-always_on-f06f6808d09b-uint8_simplex-frozen_local_rule/edge_communication.csv,gzip,03c1224c7e4655dce33f9441657a1aa0ac7a27e7313274984a57c8c70ad3beb7,e1ec32727bc08c7d94845a104855b08de09aa65cccdabc3d65c7cc1d577e5e52,10235
utility_restoration,v8-hysteresis_repair_pilot_v2-utility_restoration-large-medium-medium-low-grid-private_fragmented-8812305-always_on-f06f6808d09b-uint8_simplex-frozen_local_rule/episode.json,v8-hysteresis_repair_pilot_v2-utility_restoration-large-medium-medium-low-grid-private_fragmented-8812305-always_on-f06f6808d09b-uint8_simplex-frozen_local_rule/episode.json,plain,bf0e8461a048923fb8eab3d3d29d2e11289abc5aef7810c9bd2d24c956304a45,bf0e8461a048923fb8eab3d3d29d2e11289abc5aef7810c9bd2d24c956304a45,7886
utility_restoration,v8-hysteresis_repair_pilot_v2-utility_restoration-large-medium-medium-low-grid-private_fragmented-8812305-always_on-f06f6808d09b-uint8_simplex-frozen_local_rule/estimation.csv.gz,v8-hysteresis_repair_pilot_v2-utility_restoration-large-medium-medium-low-grid-private_fragmented-8812305-always_on-f06f6808d09b-uint8_simplex-frozen_local_rule/estimation.csv,gzip,553e8f21a8f6faef44430eeec5eb8f43fc2c1b3ae15f8fa807644c3ba6e5b3da,972eaa639832024a01945679a7772613385b30ec5b2034e015cf73eba18be120,439220
utility_restoration,v8-hysteresis_repair_pilot_v2-utility_restoration-large-medium-medium-low-grid-private_fragmented-8812305-always_on-f06f6808d09b-uint8_simplex-frozen_local_rule/events.jsonl.xz,v8-hysteresis_repair_pilot_v2-utility_restoration-large-medium-medium-low-grid-private_fragmented-8812305-always_on-f06f6808d09b-uint8_simplex-frozen_local_rule/events.jsonl,xz,e6e5839f05b9e9a9703895b77696a09f1c1bed65245737670043edae53eaa346,1d03f928062912c667b1d70bf8360da79cabeaabefbea8a19c04d982ebbd44f7,26108584
utility_restoration,v8-hysteresis_repair_pilot_v2-utility_restoration-large-medium-medium-low-grid-private_fragmented-8812305-always_on-f06f6808d09b-uint8_simplex-frozen_local_rule/triggers.csv.gz,v8-hysteresis_repair_pilot_v2-utility_restoration-large-medium-medium-low-grid-private_fragmented-8812305-always_on-f06f6808d09b-uint8_simplex-frozen_local_rule/triggers.csv,gzip,fac124adc91ae200e36e6ed14bc95fd8ed20cef0687e4b63ddf02eb955c9b7fc,6dd2a7dda78358c0cd360b0a1329bb2c3381061b65631e08210c5f393cd07ecd,180096
utility_restoration,v8-hysteresis_repair_pilot_v2-utility_restoration-large-medium-medium-low-grid-private_fragmented-8812305-generalized_information-51c1900045ef-uint8_simplex-frozen_local_rule/causal_chains.json.gz,v8-hysteresis_repair_pilot_v2-utility_restoration-large-medium-medium-low-grid-private_fragmented-8812305-generalized_information-51c1900045ef-uint8_simplex-frozen_local_rule/causal_chains.json,gzip,d59d61d2aa428ec073b18e3753059043e617b95fb21d86cc6618f14184a08ab7,a130fa1eef4e54bb203a40e2bb0d04249eca8d207c41578e5856b2da10b2ba25,40203
utility_restoration,v8-hysteresis_repair_pilot_v2-utility_restoration-large-medium-medium-low-grid-private_fragmented-8812305-generalized_information-51c1900045ef-uint8_simplex-frozen_local_rule/decisions.csv.gz,v8-hysteresis_repair_pilot_v2-utility_restoration-large-medium-medium-low-grid-private_fragmented-8812305-generalized_information-51c1900045ef-uint8_simplex-frozen_local_rule/decisions.csv,gzip,ab228f0c27d8f542f593956ce67cb0d833815c5b8c0b203ce9be6756557c482f,10ecf3b2d931ef1ff3a2bd9c62ca9cebc48fbfc30139518637143e2a724342ba,215278
utility_restoration,v8-hysteresis_repair_pilot_v2-utility_restoration-large-medium-medium-low-grid-private_fragmented-8812305-generalized_information-51c1900045ef-uint8_simplex-frozen_local_rule/deliveries.csv.gz,v8-hysteresis_repair_pilot_v2-utility_restoration-large-medium-medium-low-grid-private_fragmented-8812305-generalized_information-51c1900045ef-uint8_simplex-frozen_local_rule/deliveries.csv,gzip,a1b5aeddc839a34cced977073904334400f18deefd3816b08a377c130023b833,563a7a8cdb306d1136ef258018eaea6a3e82f187cdeb6bd2bc205424a6fc96ce,1770396
utility_restoration,v8-hysteresis_repair_pilot_v2-utility_restoration-large-medium-medium-low-grid-private_fragmented-8812305-generalized_information-51c1900045ef-uint8_simplex-frozen_local_rule/edge_communication.csv.gz,v8-hysteresis_repair_pilot_v2-utility_restoration-large-medium-medium-low-grid-private_fragmented-8812305-generalized_information-51c1900045ef-uint8_simplex-frozen_local_rule/edge_communication.csv,gzip,28a106f4c627c2372ba279a45134e9c4e09faa64c2ac8beb1c833914f8674b36,005fe71848c3e76cd8dfd18f038160050ce6c8bf7c4ee84b5033fe76921f5e19,10053
utility_restoration,v8-hysteresis_repair_pilot_v2-utility_restoration-large-medium-medium-low-grid-private_fragmented-8812305-generalized_information-51c1900045ef-uint8_simplex-frozen_local_rule/episode.json,v8-hysteresis_repair_pilot_v2-utility_restoration-large-medium-medium-low-grid-private_fragmented-8812305-generalized_information-51c1900045ef-uint8_simplex-frozen_local_rule/episode.json,plain,5960d1a9912bc5b7eb04af41090135692db3243269d60cce053d95f19b791a0f,5960d1a9912bc5b7eb04af41090135692db3243269d60cce053d95f19b791a0f,8073
utility_restoration,v8-hysteresis_repair_pilot_v2-utility_restoration-large-medium-medium-low-grid-private_fragmented-8812305-generalized_information-51c1900045ef-uint8_simplex-frozen_local_rule/estimation.csv.gz,v8-hysteresis_repair_pilot_v2-utility_restoration-large-medium-medium-low-grid-private_fragmented-8812305-generalized_information-51c1900045ef-uint8_simplex-frozen_local_rule/estimation.csv,gzip,e289dbe7f496ad7930a445cc54582b7d71d51504e5d7726a9d5ddfda2f1e5226,c98b13e699022e75754d8f323234b61747868d115c378ae580890a3009f7d264,438862
utility_restoration,v8-hysteresis_repair_pilot_v2-utility_restoration-large-medium-medium-low-grid-private_fragmented-8812305-generalized_information-51c1900045ef-uint8_simplex-frozen_local_rule/events.jsonl.xz,v8-hysteresis_repair_pilot_v2-utility_restoration-large-medium-medium-low-grid-private_fragmented-8812305-generalized_information-51c1900045ef-uint8_simplex-frozen_local_rule/events.jsonl,xz,5a2d525f395f899a13ab4783097d35f5aab681af6512e961a2b548c26a2fcbad,b4a43878e3a0c6da7c10bc951eb3b294797e241d33db9a299febc3d89024616a,15891877
utility_restoration,v8-hysteresis_repair_pilot_v2-utility_restoration-large-medium-medium-low-grid-private_fragmented-8812305-generalized_information-51c1900045ef-uint8_simplex-frozen_local_rule/triggers.csv.gz,v8-hysteresis_repair_pilot_v2-utility_restoration-large-medium-medium-low-grid-private_fragmented-8812305-generalized_information-51c1900045ef-uint8_simplex-frozen_local_rule/triggers.csv,gzip,35b4367ac3308c60a91bed69a68bcac501dd23e8a36ad2a200a3c1852017b644,a3f69b388161c59e90ef144b6518a0cab579a045feb80161ced00647dcb170ee,208230
utility_restoration,v8-hysteresis_repair_pilot_v2-utility_restoration-large-medium-medium-low-grid-private_fragmented-8812305-generalized_information-f885a39c000a-uint8_simplex-frozen_local_rule/causal_chains.json.gz,v8-hysteresis_repair_pilot_v2-utility_restoration-large-medium-medium-low-grid-private_fragmented-8812305-generalized_information-f885a39c000a-uint8_simplex-frozen_local_rule/causal_chains.json,gzip,d59d61d2aa428ec073b18e3753059043e617b95fb21d86cc6618f14184a08ab7,a130fa1eef4e54bb203a40e2bb0d04249eca8d207c41578e5856b2da10b2ba25,40203
utility_restoration,v8-hysteresis_repair_pilot_v2-utility_restoration-large-medium-medium-low-grid-private_fragmented-8812305-generalized_information-f885a39c000a-uint8_simplex-frozen_local_rule/decisions.csv.gz,v8-hysteresis_repair_pilot_v2-utility_restoration-large-medium-medium-low-grid-private_fragmented-8812305-generalized_information-f885a39c000a-uint8_simplex-frozen_local_rule/decisions.csv,gzip,ab228f0c27d8f542f593956ce67cb0d833815c5b8c0b203ce9be6756557c482f,10ecf3b2d931ef1ff3a2bd9c62ca9cebc48fbfc30139518637143e2a724342ba,215278
utility_restoration,v8-hysteresis_repair_pilot_v2-utility_restoration-large-medium-medium-low-grid-private_fragmented-8812305-generalized_information-f885a39c000a-uint8_simplex-frozen_local_rule/deliveries.csv.gz,v8-hysteresis_repair_pilot_v2-utility_restoration-large-medium-medium-low-grid-private_fragmented-8812305-generalized_information-f885a39c000a-uint8_simplex-frozen_local_rule/deliveries.csv,gzip,a1b5aeddc839a34cced977073904334400f18deefd3816b08a377c130023b833,563a7a8cdb306d1136ef258018eaea6a3e82f187cdeb6bd2bc205424a6fc96ce,1770396
utility_restoration,v8-hysteresis_repair_pilot_v2-utility_restoration-large-medium-medium-low-grid-private_fragmented-8812305-generalized_information-f885a39c000a-uint8_simplex-frozen_local_rule/edge_communication.csv.gz,v8-hysteresis_repair_pilot_v2-utility_restoration-large-medium-medium-low-grid-private_fragmented-8812305-generalized_information-f885a39c000a-uint8_simplex-frozen_local_rule/edge_communication.csv,gzip,28a106f4c627c2372ba279a45134e9c4e09faa64c2ac8beb1c833914f8674b36,005fe71848c3e76cd8dfd18f038160050ce6c8bf7c4ee84b5033fe76921f5e19,10053
utility_restoration,v8-hysteresis_repair_pilot_v2-utility_restoration-large-medium-medium-low-grid-private_fragmented-8812305-generalized_information-f885a39c000a-uint8_simplex-frozen_local_rule/episode.json,v8-hysteresis_repair_pilot_v2-utility_restoration-large-medium-medium-low-grid-private_fragmented-8812305-generalized_information-f885a39c000a-uint8_simplex-frozen_local_rule/episode.json,plain,d45054f8bb63cb4e41f60b2c4d3618eb9de102569e7585b7973482afdc12ae29,d45054f8bb63cb4e41f60b2c4d3618eb9de102569e7585b7973482afdc12ae29,8072
utility_restoration,v8-hysteresis_repair_pilot_v2-utility_restoration-large-medium-medium-low-grid-private_fragmented-8812305-generalized_information-f885a39c000a-uint8_simplex-frozen_local_rule/estimation.csv.gz,v8-hysteresis_repair_pilot_v2-utility_restoration-large-medium-medium-low-grid-private_fragmented-8812305-generalized_information-f885a39c000a-uint8_simplex-frozen_local_rule/estimation.csv,gzip,e289dbe7f496ad7930a445cc54582b7d71d51504e5d7726a9d5ddfda2f1e5226,c98b13e699022e75754d8f323234b61747868d115c378ae580890a3009f7d264,438862
utility_restoration,v8-hysteresis_repair_pilot_v2-utility_restoration-large-medium-medium-low-grid-private_fragmented-8812305-generalized_information-f885a39c000a-uint8_simplex-frozen_local_rule/events.jsonl.xz,v8-hysteresis_repair_pilot_v2-utility_restoration-large-medium-medium-low-grid-private_fragmented-8812305-generalized_information-f885a39c000a-uint8_simplex-frozen_local_rule/events.jsonl,xz,7325f18af384a9dd31992cedf8ff183ede7675661d4cc6a1c8f186573e6cbd13,322200d85ac4198c71a5a00873eab9e20041d0825901b3f74bacb9f8430ad5f5,15891876
utility_restoration,v8-hysteresis_repair_pilot_v2-utility_restoration-large-medium-medium-low-grid-private_fragmented-8812305-generalized_information-f885a39c000a-uint8_simplex-frozen_local_rule/triggers.csv.gz,v8-hysteresis_repair_pilot_v2-utility_restoration-large-medium-medium-low-grid-private_fragmented-8812305-generalized_information-f885a39c000a-uint8_simplex-frozen_local_rule/triggers.csv,gzip,35b4367ac3308c60a91bed69a68bcac501dd23e8a36ad2a200a3c1852017b644,a3f69b388161c59e90ef144b6518a0cab579a045feb80161ced00647dcb170ee,208230
utility_restoration,v8-hysteresis_repair_pilot_v2-utility_restoration-large-medium-medium-low-grid-private_fragmented-8812305-kpi_change-314c8c128df2-uint8_simplex-frozen_local_rule/causal_chains.json.gz,v8-hysteresis_repair_pilot_v2-utility_restoration-large-medium-medium-low-grid-private_fragmented-8812305-kpi_change-314c8c128df2-uint8_simplex-frozen_local_rule/causal_chains.json,gzip,f4f101c526deadd3d6ea12d5abc0ba741e4a6aff0d2234d54d9a50ffec06b29a,6599b151f10f2664c91586e0dea162d027d6fe9886a36c2a8a5ec8dd69e88f23,39960
utility_restoration,v8-hysteresis_repair_pilot_v2-utility_restoration-large-medium-medium-low-grid-private_fragmented-8812305-kpi_change-314c8c128df2-uint8_simplex-frozen_local_rule/decisions.csv.gz,v8-hysteresis_repair_pilot_v2-utility_restoration-large-medium-medium-low-grid-private_fragmented-8812305-kpi_change-314c8c128df2-uint8_simplex-frozen_local_rule/decisions.csv,gzip,9305c1d385622966608528ab2606f7eae705b383ae2df02654fc2f9bb1db4961,79f58e11ec82865c7a5671cd5556956b3d02e8c737e0aeeb63f0f2e8bfc24a0a,201661
utility_restoration,v8-hysteresis_repair_pilot_v2-utility_restoration-large-medium-medium-low-grid-private_fragmented-8812305-kpi_change-314c8c128df2-uint8_simplex-frozen_local_rule/deliveries.csv.gz,v8-hysteresis_repair_pilot_v2-utility_restoration-large-medium-medium-low-grid-private_fragmented-8812305-kpi_change-314c8c128df2-uint8_simplex-frozen_local_rule/deliveries.csv,gzip,12eeba3dfd9cfe7a5fa1fde77e56848d65ba1e1d7a245e84bc82a49788f9d55f,3c94b7ed133417f4844528fe06eb953a738391d8c796f140c2fc4a28fd9e9df3,2269799
utility_restoration,v8-hysteresis_repair_pilot_v2-utility_restoration-large-medium-medium-low-grid-private_fragmented-8812305-kpi_change-314c8c128df2-uint8_simplex-frozen_local_rule/edge_communication.csv.gz,v8-hysteresis_repair_pilot_v2-utility_restoration-large-medium-medium-low-grid-private_fragmented-8812305-kpi_change-314c8c128df2-uint8_simplex-frozen_local_rule/edge_communication.csv,gzip,6ca446ba244e22c182a260292260e3df01cc1ddf2f2e9a3cc0d011c1c379f40a,6b926651dcfe7de2f69584651d078ba58e1e7209b318bd208d80c72e62060396,10118
utility_restoration,v8-hysteresis_repair_pilot_v2-utility_restoration-large-medium-medium-low-grid-private_fragmented-8812305-kpi_change-314c8c128df2-uint8_simplex-frozen_local_rule/episode.json,v8-hysteresis_repair_pilot_v2-utility_restoration-large-medium-medium-low-grid-private_fragmented-8812305-kpi_change-314c8c128df2-uint8_simplex-frozen_local_rule/episode.json,plain,534650702faf2cfd7af0631f59f4b6783c1b502ae101acb1907f64fcd55c3cf0,534650702faf2cfd7af0631f59f4b6783c1b502ae101acb1907f64fcd55c3cf0,7940
utility_restoration,v8-hysteresis_repair_pilot_v2-utility_restoration-large-medium-medium-low-grid-private_fragmented-8812305-kpi_change-314c8c128df2-uint8_simplex-frozen_local_rule/estimation.csv.gz,v8-hysteresis_repair_pilot_v2-utility_restoration-large-medium-medium-low-grid-private_fragmented-8812305-kpi_change-314c8c128df2-uint8_simplex-frozen_local_rule/estimation.csv,gzip,cfcf7c6ff14c7a54fa8bb6850889cf113002cb61303d458e55f2f71224208098,f2976ec55d1f6a4ec9222c9f55fd46e9c27f8bb6a6fc90fd3696476797ea54f6,438945
utility_restoration,v8-hysteresis_repair_pilot_v2-utility_restoration-large-medium-medium-low-grid-private_fragmented-8812305-kpi_change-314c8c128df2-uint8_simplex-frozen_local_rule/events.jsonl.xz,v8-hysteresis_repair_pilot_v2-utility_restoration-large-medium-medium-low-grid-private_fragmented-8812305-kpi_change-314c8c128df2-uint8_simplex-frozen_local_rule/events.jsonl,xz,ce1eb6833cdadb755ef2dfa4c1fef19120a9f4533ebc0b82a98b8da9ee263e03,09bba5c21521734cb4dd1a479e28bbfd9fbe27673a5a2a0ab6155bc63f9fc61a,19469014
utility_restoration,v8-hysteresis_repair_pilot_v2-utility_restoration-large-medium-medium-low-grid-private_fragmented-8812305-kpi_change-314c8c128df2-uint8_simplex-frozen_local_rule/triggers.csv.gz,v8-hysteresis_repair_pilot_v2-utility_restoration-large-medium-medium-low-grid-private_fragmented-8812305-kpi_change-314c8c128df2-uint8_simplex-frozen_local_rule/triggers.csv,gzip,257de096e7dbb157d39963e12905bd9a3d5809188418f0093f4a0969c39f735a,1cbf8404ba8f7ec6d02ad70d0bb668e0a0216037148748548ba46de8851986f7,192862
utility_restoration,v8-hysteresis_repair_pilot_v2-utility_restoration-large-medium-medium-low-grid-private_fragmented-8812305-none-806ed450405e-uint8_simplex-frozen_local_rule/causal_chains.json.gz,v8-hysteresis_repair_pilot_v2-utility_restoration-large-medium-medium-low-grid-private_fragmented-8812305-none-806ed450405e-uint8_simplex-frozen_local_rule/causal_chains.json,gzip,f64417d78c3ea3926c7d76db30017307b38d4cdb41ca507a4cdb186c7a58257f,e5a4a111a0dfd4e7a6ab2ec06d613e57417d004140f6e90abe2ccf052c5652e8,39702
utility_restoration,v8-hysteresis_repair_pilot_v2-utility_restoration-large-medium-medium-low-grid-private_fragmented-8812305-none-806ed450405e-uint8_simplex-frozen_local_rule/decisions.csv.gz,v8-hysteresis_repair_pilot_v2-utility_restoration-large-medium-medium-low-grid-private_fragmented-8812305-none-806ed450405e-uint8_simplex-frozen_local_rule/decisions.csv,gzip,c3ee9c0051eb690a1e67b2f307265dc45c3c901de99cd16314868ab9c3279fe4,51f1634662fa3cda2e41e4aa466ab1b1109ca04ee975c9780789694f5d5ec00c,195449
utility_restoration,v8-hysteresis_repair_pilot_v2-utility_restoration-large-medium-medium-low-grid-private_fragmented-8812305-none-806ed450405e-uint8_simplex-frozen_local_rule/deliveries.csv.gz,v8-hysteresis_repair_pilot_v2-utility_restoration-large-medium-medium-low-grid-private_fragmented-8812305-none-806ed450405e-uint8_simplex-frozen_local_rule/deliveries.csv,gzip,9ceffb7310338057cfe71a4ae1e2c98d2c485d81cdef906532a801f457a38d64,e3b0c44298fc1c149afbf4c8996fb92427ae41e4649b934ca495991b7852b855,0
utility_restoration,v8-hysteresis_repair_pilot_v2-utility_restoration-large-medium-medium-low-grid-private_fragmented-8812305-none-806ed450405e-uint8_simplex-frozen_local_rule/edge_communication.csv.gz,v8-hysteresis_repair_pilot_v2-utility_restoration-large-medium-medium-low-grid-private_fragmented-8812305-none-806ed450405e-uint8_simplex-frozen_local_rule/edge_communication.csv,gzip,9ceffb7310338057cfe71a4ae1e2c98d2c485d81cdef906532a801f457a38d64,e3b0c44298fc1c149afbf4c8996fb92427ae41e4649b934ca495991b7852b855,0
utility_restoration,v8-hysteresis_repair_pilot_v2-utility_restoration-large-medium-medium-low-grid-private_fragmented-8812305-none-806ed450405e-uint8_simplex-frozen_local_rule/episode.json,v8-hysteresis_repair_pilot_v2-utility_restoration-large-medium-medium-low-grid-private_fragmented-8812305-none-806ed450405e-uint8_simplex-frozen_local_rule/episode.json,plain,1f8b06d13650917a7ca10c69f6ca02de82d08253f1b4154e98e762d35f8eab55,1f8b06d13650917a7ca10c69f6ca02de82d08253f1b4154e98e762d35f8eab55,7702
utility_restoration,v8-hysteresis_repair_pilot_v2-utility_restoration-large-medium-medium-low-grid-private_fragmented-8812305-none-806ed450405e-uint8_simplex-frozen_local_rule/estimation.csv.gz,v8-hysteresis_repair_pilot_v2-utility_restoration-large-medium-medium-low-grid-private_fragmented-8812305-none-806ed450405e-uint8_simplex-frozen_local_rule/estimation.csv,gzip,d76efce755c3e24582bb1cda813a4929246e54838e6bc9b6977fc6ec9dc331c6,a5ff5c2887ce2cab2c7832490c85c0f6f8696f7b6ebd955abd57bed4d769d470,423382
utility_restoration,v8-hysteresis_repair_pilot_v2-utility_restoration-large-medium-medium-low-grid-private_fragmented-8812305-none-806ed450405e-uint8_simplex-frozen_local_rule/events.jsonl.xz,v8-hysteresis_repair_pilot_v2-utility_restoration-large-medium-medium-low-grid-private_fragmented-8812305-none-806ed450405e-uint8_simplex-frozen_local_rule/events.jsonl,xz,447fc63eb1f126969ace4298361cefd5c22b9e662229b167b36867150100204d,9cb6348b2e590f38d8d242430907dd75eb1e0b470575e621cda40b8657b5f7c8,2974838
utility_restoration,v8-hysteresis_repair_pilot_v2-utility_restoration-large-medium-medium-low-grid-private_fragmented-8812305-none-806ed450405e-uint8_simplex-frozen_local_rule/triggers.csv.gz,v8-hysteresis_repair_pilot_v2-utility_restoration-large-medium-medium-low-grid-private_fragmented-8812305-none-806ed450405e-uint8_simplex-frozen_local_rule/triggers.csv,gzip,7f74be4b24f86951f8473c059f84d1b87125106ebe2d66b0a25ff8127ab96539,de31d4618bbd71533d06f7da30d488d67b3ce0e495f370f33083b49229e78887,88582
utility_restoration,v8-hysteresis_repair_pilot_v2-utility_restoration-medium-high-medium-high-scale_free-private_fragmented-8812304-always_on-f06f6808d09b-uint8_simplex-frozen_local_rule/causal_chains.json.gz,v8-hysteresis_repair_pilot_v2-utility_restoration-medium-high-medium-high-scale_free-private_fragmented-8812304-always_on-f06f6808d09b-uint8_simplex-frozen_local_rule/causal_chains.json,gzip,33777ba79025fca0b0500c863cd822f56d8131ad08376ea136936c170b64dd6f,863e5c9a268a7af436e5fd6120689fd2a8abf0fe56c91c5bf1dfff80650dde40,22970
utility_restoration,v8-hysteresis_repair_pilot_v2-utility_restoration-medium-high-medium-high-scale_free-private_fragmented-8812304-always_on-f06f6808d09b-uint8_simplex-frozen_local_rule/decisions.csv.gz,v8-hysteresis_repair_pilot_v2-utility_restoration-medium-high-medium-high-scale_free-private_fragmented-8812304-always_on-f06f6808d09b-uint8_simplex-frozen_local_rule/decisions.csv,gzip,0016ee4557f81a49de3f3433f477f41cd736d531958438baffc81de1efb3e0e2,8b9806fedb452d3bd7fe7aeda7fe6e01b8f19dfa681b4d355b256b58f6f0fee2,80349
utility_restoration,v8-hysteresis_repair_pilot_v2-utility_restoration-medium-high-medium-high-scale_free-private_fragmented-8812304-always_on-f06f6808d09b-uint8_simplex-frozen_local_rule/deliveries.csv.gz,v8-hysteresis_repair_pilot_v2-utility_restoration-medium-high-medium-high-scale_free-private_fragmented-8812304-always_on-f06f6808d09b-uint8_simplex-frozen_local_rule/deliveries.csv,gzip,2fa295ad68ced636ff3b0edc2b435ecd48aeeea3ce56dbfdd6cbaae290dee158,a1d688fd4628f5956885f543ffc13b9568eae9fc23f167bcb0cd3b10fe803607,5120059
utility_restoration,v8-hysteresis_repair_pilot_v2-utility_restoration-medium-high-medium-high-scale_free-private_fragmented-8812304-always_on-f06f6808d09b-uint8_simplex-frozen_local_rule/edge_communication.csv.gz,v8-hysteresis_repair_pilot_v2-utility_restoration-medium-high-medium-high-scale_free-private_fragmented-8812304-always_on-f06f6808d09b-uint8_simplex-frozen_local_rule/edge_communication.csv,gzip,8605b16f7aca670d6fa10aec6de3d812b30680c45b56cb8c4aae108e69e127a2,5fb333015371bd2731917df38bf1d4abde459ebaaa9c3b65b1a4eddd54ad2828,8852
utility_restoration,v8-hysteresis_repair_pilot_v2-utility_restoration-medium-high-medium-high-scale_free-private_fragmented-8812304-always_on-f06f6808d09b-uint8_simplex-frozen_local_rule/episode.json,v8-hysteresis_repair_pilot_v2-utility_restoration-medium-high-medium-high-scale_free-private_fragmented-8812304-always_on-f06f6808d09b-uint8_simplex-frozen_local_rule/episode.json,plain,76e450dff54ada6dbaf3d1130a55abd70062663d5993e905e22d27fe10752a27,76e450dff54ada6dbaf3d1130a55abd70062663d5993e905e22d27fe10752a27,7924
utility_restoration,v8-hysteresis_repair_pilot_v2-utility_restoration-medium-high-medium-high-scale_free-private_fragmented-8812304-always_on-f06f6808d09b-uint8_simplex-frozen_local_rule/estimation.csv.gz,v8-hysteresis_repair_pilot_v2-utility_restoration-medium-high-medium-high-scale_free-private_fragmented-8812304-always_on-f06f6808d09b-uint8_simplex-frozen_local_rule/estimation.csv,gzip,86e5dbe65d429990997509b5b01e9b95b70b7eb4ce2949305014065da586ac1f,8f260cdebdbffa1b38532b8494bc529240a9c9f7b68101e1551bf291ae031e77,178514
utility_restoration,v8-hysteresis_repair_pilot_v2-utility_restoration-medium-high-medium-high-scale_free-private_fragmented-8812304-always_on-f06f6808d09b-uint8_simplex-frozen_local_rule/events.jsonl.xz,v8-hysteresis_repair_pilot_v2-utility_restoration-medium-high-medium-high-scale_free-private_fragmented-8812304-always_on-f06f6808d09b-uint8_simplex-frozen_local_rule/events.jsonl,xz,c4b7043eec99763da48e6bb19633d6a35fd2b34d00b8945a50a652def0d515dd,facae7e78247437a841ba01f56c4a0177f6c4f5d663366e3d210130aa0de219b,39452542
utility_restoration,v8-hysteresis_repair_pilot_v2-utility_restoration-medium-high-medium-high-scale_free-private_fragmented-8812304-always_on-f06f6808d09b-uint8_simplex-frozen_local_rule/triggers.csv.gz,v8-hysteresis_repair_pilot_v2-utility_restoration-medium-high-medium-high-scale_free-private_fragmented-8812304-always_on-f06f6808d09b-uint8_simplex-frozen_local_rule/triggers.csv,gzip,500f3988ed8ae0cff9645c67c04281ca2123f96c6bebb3fdafe805294566860d,d3ae78407a764d5e7a2102c7aaeb2d9f90c8bc66ca134169563121e8a8f4612d,71598
utility_restoration,v8-hysteresis_repair_pilot_v2-utility_restoration-medium-high-medium-high-scale_free-private_fragmented-8812304-generalized_information-51c1900045ef-uint8_simplex-frozen_local_rule/causal_chains.json.gz,v8-hysteresis_repair_pilot_v2-utility_restoration-medium-high-medium-high-scale_free-private_fragmented-8812304-generalized_information-51c1900045ef-uint8_simplex-frozen_local_rule/causal_chains.json,gzip,9c24d75b1b6c9fe009fe07b909b957bf673722e26db92e81903a6a7db50bc992,19450378879b3811cb659c1e112fd462dda3f7a4864b82532556db70e6a79c2c,22740
utility_restoration,v8-hysteresis_repair_pilot_v2-utility_restoration-medium-high-medium-high-scale_free-private_fragmented-8812304-generalized_information-51c1900045ef-uint8_simplex-frozen_local_rule/decisions.csv.gz,v8-hysteresis_repair_pilot_v2-utility_restoration-medium-high-medium-high-scale_free-private_fragmented-8812304-generalized_information-51c1900045ef-uint8_simplex-frozen_local_rule/decisions.csv,gzip,340bf12de6d50646dc18952abaab8f087344f2e0f6ce818d0f20bc72cc11047f,8cceb8ee5ec9e81b43d9ae783c9bc8acea699bf36324efd80a0308ee1bd2fae9,86179
utility_restoration,v8-hysteresis_repair_pilot_v2-utility_restoration-medium-high-medium-high-scale_free-private_fragmented-8812304-generalized_information-51c1900045ef-uint8_simplex-frozen_local_rule/deliveries.csv.gz,v8-hysteresis_repair_pilot_v2-utility_restoration-medium-high-medium-high-scale_free-private_fragmented-8812304-generalized_information-51c1900045ef-uint8_simplex-frozen_local_rule/deliveries.csv,gzip,008a49454d5be0d974862a4ba392683cfb52e939619eddca13069ba0969f85a1,b534cfa3f123eb744c4ac6876f28f721592d4ef8fae6ce982c3a7e9cf3d315a7,2449256
utility_restoration,v8-hysteresis_repair_pilot_v2-utility_restoration-medium-high-medium-high-scale_free-private_fragmented-8812304-generalized_information-51c1900045ef-uint8_simplex-frozen_local_rule/edge_communication.csv.gz,v8-hysteresis_repair_pilot_v2-utility_restoration-medium-high-medium-high-scale_free-private_fragmented-8812304-generalized_information-51c1900045ef-uint8_simplex-frozen_local_rule/edge_communication.csv,gzip,f6428f4de78bb5c225db23bd208194b495f618356a91c1b85663623331fd22d3,8538539695206c496a2b4e9aba39205106f97476717ee818c9d2cc6c02b3ea49,8724
utility_restoration,v8-hysteresis_repair_pilot_v2-utility_restoration-medium-high-medium-high-scale_free-private_fragmented-8812304-generalized_information-51c1900045ef-uint8_simplex-frozen_local_rule/episode.json,v8-hysteresis_repair_pilot_v2-utility_restoration-medium-high-medium-high-scale_free-private_fragmented-8812304-generalized_information-51c1900045ef-uint8_simplex-frozen_local_rule/episode.json,plain,c861ae01b4cdb5fa389b1a920c84b567be1bf1f2e2442c93e16a835561e48739,c861ae01b4cdb5fa389b1a920c84b567be1bf1f2e2442c93e16a835561e48739,8193
utility_restoration,v8-hysteresis_repair_pilot_v2-utility_restoration-medium-high-medium-high-scale_free-private_fragmented-8812304-generalized_information-51c1900045ef-uint8_simplex-frozen_local_rule/estimation.csv.gz,v8-hysteresis_repair_pilot_v2-utility_restoration-medium-high-medium-high-scale_free-private_fragmented-8812304-generalized_information-51c1900045ef-uint8_simplex-frozen_local_rule/estimation.csv,gzip,0d346b6424992f314f5ae9058045ee8749e15e40c1ee428854d4de9d053c13b1,d49b8b5330a6e4f1ba71cde3498adf9f030ae2be3ae6f8ef695c2118e9e73352,178606
utility_restoration,v8-hysteresis_repair_pilot_v2-utility_restoration-medium-high-medium-high-scale_free-private_fragmented-8812304-generalized_information-51c1900045ef-uint8_simplex-frozen_local_rule/events.jsonl.xz,v8-hysteresis_repair_pilot_v2-utility_restoration-medium-high-medium-high-scale_free-private_fragmented-8812304-generalized_information-51c1900045ef-uint8_simplex-frozen_local_rule/events.jsonl,xz,ffa6f8ec6144339233d11dabf0bf178ae2e19051aa522267e43ad236ceafd161,371c47d4b207c6c43765ba8d4de72ae978df11c5945bb6e3a4a5e072d171229f,19316594
utility_restoration,v8-hysteresis_repair_pilot_v2-utility_restoration-medium-high-medium-high-scale_free-private_fragmented-8812304-generalized_information-51c1900045ef-uint8_simplex-frozen_local_rule/triggers.csv.gz,v8-hysteresis_repair_pilot_v2-utility_restoration-medium-high-medium-high-scale_free-private_fragmented-8812304-generalized_information-51c1900045ef-uint8_simplex-frozen_local_rule/triggers.csv,gzip,dd307c4928e708b9ac1ba343ff46b5ba13334607efa62bfdd46e03c7fb703ec3,803b793931e823f8c80e88f871e945f9b9c82649501d6784019f7cbeaa68736f,84420
