run_id,application,complexity,coupling,fragmentation,network_disruption,topology_family,environment_seed,method,coverage,selected_actions,harm_rate,mean_causal_utility,beneficial_rate
v7-pilots_iteration3-humanitarian-medium-high-high-high-modular-private_fragmented-775103-always_act-event_triggered,humanitarian,medium,high,high,high,modular,775103,kpi_confidence,0.6,43,0.7674418604651163,6.344348425763404,0.23255813953488372
v7-pilots_iteration3-humanitarian-medium-high-high-high-modular-private_fragmented-775103-always_act-event_triggered,humanitarian,medium,high,high,high,modular,775103,predictive_uncertainty,0.6,43,0.813953488372093,-1.3889203133473373,0.18604651162790697
v7-pilots_iteration3-humanitarian-medium-high-high-high-modular-private_fragmented-775103-always_act-event_triggered,humanitarian,medium,high,high,high,modular,775103,shannon_js,0.6,43,0.7906976744186046,-2.111948484653534,0.20930232558139536
v7-pilots_iteration3-humanitarian-medium-high-high-high-modular-private_fragmented-775103-always_act-event_triggered,humanitarian,medium,high,high,high,modular,775103,generalized_tsallis_gini,0.6,43,0.7906976744186046,-2.111948484653534,0.20930232558139536
v7-pilots_iteration3-humanitarian-medium-high-high-high-modular-private_fragmented-775103-always_act-event_triggered,humanitarian,medium,high,high,high,modular,775103,graph_disagreement,0.6,43,0.7674418604651163,0.4326020041469725,0.23255813953488372
v7-pilots_iteration3-humanitarian-medium-high-high-high-modular-private_fragmented-775103-always_act-event_triggered,humanitarian,medium,high,high,high,modular,775103,combined_generalized_entropic,0.6,43,0.7441860465116279,-0.8585579218272266,0.2558139534883721
v7-pilots_iteration3-humanitarian-medium-medium-medium-medium-small_world-private_fragmented-775102-always_act-event_triggered,humanitarian,medium,medium,medium,medium,small_world,775102,kpi_confidence,0.6,38,0.631578947368421,6.548283327974479,0.3684210526315789
v7-pilots_iteration3-humanitarian-medium-medium-medium-medium-small_world-private_fragmented-775102-always_act-event_triggered,humanitarian,medium,medium,medium,medium,small_world,775102,predictive_uncertainty,0.6,38,0.6052631578947368,3.511667432164408,0.39473684210526316
v7-pilots_iteration3-humanitarian-medium-medium-medium-medium-small_world-private_fragmented-775102-always_act-event_triggered,humanitarian,medium,medium,medium,medium,small_world,775102,shannon_js,0.6,38,0.6052631578947368,1.6655190102743596,0.39473684210526316
v7-pilots_iteration3-humanitarian-medium-medium-medium-medium-small_world-private_fragmented-775102-always_act-event_triggered,humanitarian,medium,medium,medium,medium,small_world,775102,generalized_tsallis_gini,0.6,38,0.6052631578947368,4.083769325955642,0.39473684210526316
v7-pilots_iteration3-humanitarian-medium-medium-medium-medium-small_world-private_fragmented-775102-always_act-event_triggered,humanitarian,medium,medium,medium,medium,small_world,775102,graph_disagreement,0.6,38,0.5789473684210527,-2.560637353128541,0.42105263157894735
v7-pilots_iteration3-humanitarian-medium-medium-medium-medium-small_world-private_fragmented-775102-always_act-event_triggered,humanitarian,medium,medium,medium,medium,small_world,775102,combined_generalized_entropic,0.6,38,0.6052631578947368,-3.447721595389394,0.39473684210526316
v7-pilots_iteration3-humanitarian-small-low-low-low-random_geometric-private_fragmented-775101-always_act-event_triggered,humanitarian,small,low,low,low,random_geometric,775101,kpi_confidence,0.6,20,0.05,6.179811062143825,0.95
v7-pilots_iteration3-humanitarian-small-low-low-low-random_geometric-private_fragmented-775101-always_act-event_triggered,humanitarian,small,low,low,low,random_geometric,775101,predictive_uncertainty,0.6,20,0.05,6.886776347906327,0.95
v7-pilots_iteration3-humanitarian-small-low-low-low-random_geometric-private_fragmented-775101-always_act-event_triggered,humanitarian,small,low,low,low,random_geometric,775101,shannon_js,0.6,20,0.15,6.077325770077096,0.85
v7-pilots_iteration3-humanitarian-small-low-low-low-random_geometric-private_fragmented-775101-always_act-event_triggered,humanitarian,small,low,low,low,random_geometric,775101,generalized_tsallis_gini,0.6,20,0.15,6.077325770077096,0.85
v7-pilots_iteration3-humanitarian-small-low-low-low-random_geometric-private_fragmented-775101-always_act-event_triggered,humanitarian,small,low,low,low,random_geometric,775101,graph_disagreement,0.6,20,0.05,6.686247914405703,0.95
v7-pilots_iteration3-humanitarian-small-low-low-low-random_geometric-private_fragmented-775101-always_act-event_triggered,humanitarian,small,low,low,low,random_geometric,775101,combined_generalized_entropic,0.6,20,0.15,5.378913710226618,0.85
v7-pilots_iteration3-utility_restoration-large-high-high-high-grid-private_fragmented-776107-always_act-event_triggered,utility_restoration,large,high,high,high,grid,776107,kpi_confidence,0.6,45,0.8888888888888888,1.6519462632623452,0.1111111111111111
v7-pilots_iteration3-utility_restoration-large-high-high-high-grid-private_fragmented-776107-always_act-event_triggered,utility_restoration,large,high,high,high,grid,776107,predictive_uncertainty,0.6,45,0.9333333333333333,1.6041718375749239,0.06666666666666667
v7-pilots_iteration3-utility_restoration-large-high-high-high-grid-private_fragmented-776107-always_act-event_triggered,utility_restoration,large,high,high,high,grid,776107,shannon_js,0.6,45,0.9333333333333333,1.6040977143392323,0.06666666666666667
v7-pilots_iteration3-utility_restoration-large-high-high-high-grid-private_fragmented-776107-always_act-event_triggered,utility_restoration,large,high,high,high,grid,776107,generalized_tsallis_gini,0.6,45,0.9333333333333333,1.604160187235993,0.06666666666666667
v7-pilots_iteration3-utility_restoration-large-high-high-high-grid-private_fragmented-776107-always_act-event_triggered,utility_restoration,large,high,high,high,grid,776107,graph_disagreement,0.6,45,0.9333333333333333,1.6039382626447245,0.06666666666666667
v7-pilots_iteration3-utility_restoration-large-high-high-high-grid-private_fragmented-776107-always_act-event_triggered,utility_restoration,large,high,high,high,grid,776107,combined_generalized_entropic,0.6,45,0.9111111111111111,1.5464776593175154,0.08888888888888889
v7-pilots_iteration3-utility_restoration-medium-high-high-high-modular-private_fragmented-776106-always_act-event_triggered,utility_restoration,medium,high,high,high,modular,776106,kpi_confidence,0.6,44,0.8636363636363636,0.1106531209232711,0.13636363636363635
v7-pilots_iteration3-utility_restoration-medium-high-high-high-modular-private_fragmented-776106-always_act-event_triggered,utility_restoration,medium,high,high,high,modular,776106,predictive_uncertainty,0.6,44,0.8636363636363636,-0.09022807820305731,0.13636363636363635
v7-pilots_iteration3-utility_restoration-medium-high-high-high-modular-private_fragmented-776106-always_act-event_triggered,utility_restoration,medium,high,high,high,modular,776106,shannon_js,0.6,44,0.8863636363636364,-0.13627535503315966,0.11363636363636363
v7-pilots_iteration3-utility_restoration-medium-high-high-high-modular-private_fragmented-776106-always_act-event_triggered,utility_restoration,medium,high,high,high,modular,776106,generalized_tsallis_gini,0.6,44,0.8863636363636364,-0.13661021732655867,0.11363636363636363
v7-pilots_iteration3-utility_restoration-medium-high-high-high-modular-private_fragmented-776106-always_act-event_triggered,utility_restoration,medium,high,high,high,modular,776106,graph_disagreement,0.6,44,0.8636363636363636,0.03124812689629002,0.13636363636363635
v7-pilots_iteration3-utility_restoration-medium-high-high-high-modular-private_fragmented-776106-always_act-event_triggered,utility_restoration,medium,high,high,high,modular,776106,combined_generalized_entropic,0.6,44,0.8863636363636364,-0.37715933105481186,0.11363636363636363
v7-pilots_iteration3-utility_restoration-medium-high-low-medium-grid-private_fragmented-776104-always_act-event_triggered,utility_restoration,medium,high,low,medium,grid,776104,kpi_confidence,0.6,29,0.9655172413793104,0.29871950949384873,0.034482758620689655
v7-pilots_iteration3-utility_restoration-medium-high-low-medium-grid-private_fragmented-776104-always_act-event_triggered,utility_restoration,medium,high,low,medium,grid,776104,predictive_uncertainty,0.6,29,0.9655172413793104,0.2967425972401036,0.034482758620689655
v7-pilots_iteration3-utility_restoration-medium-high-low-medium-grid-private_fragmented-776104-always_act-event_triggered,utility_restoration,medium,high,low,medium,grid,776104,shannon_js,0.6,29,0.9655172413793104,0.29668222381850823,0.034482758620689655
v7-pilots_iteration3-utility_restoration-medium-high-low-medium-grid-private_fragmented-776104-always_act-event_triggered,utility_restoration,medium,high,low,medium,grid,776104,generalized_tsallis_gini,0.6,29,0.9655172413793104,0.29713520377208746,0.034482758620689655
v7-pilots_iteration3-utility_restoration-medium-high-low-medium-grid-private_fragmented-776104-always_act-event_triggered,utility_restoration,medium,high,low,medium,grid,776104,graph_disagreement,0.6,29,0.9655172413793104,0.2961124503199169,0.034482758620689655
v7-pilots_iteration3-utility_restoration-medium-high-low-medium-grid-private_fragmented-776104-always_act-event_triggered,utility_restoration,medium,high,low,medium,grid,776104,combined_generalized_entropic,0.6,29,0.9655172413793104,0.29815917791246227,0.034482758620689655
v7-pilots_iteration3-utility_restoration-medium-low-high-medium-modular-private_fragmented-776105-always_act-event_triggered,utility_restoration,medium,low,high,medium,modular,776105,kpi_confidence,0.6,43,0.813953488372093,2.4203588324250114,0.18604651162790697
v7-pilots_iteration3-utility_restoration-medium-low-high-medium-modular-private_fragmented-776105-always_act-event_triggered,utility_restoration,medium,low,high,medium,modular,776105,predictive_uncertainty,0.6,43,0.813953488372093,1.9110075418819394,0.18604651162790697
v7-pilots_iteration3-utility_restoration-medium-low-high-medium-modular-private_fragmented-776105-always_act-event_triggered,utility_restoration,medium,low,high,medium,modular,776105,shannon_js,0.6,43,0.813953488372093,3.6642631234019123,0.18604651162790697
v7-pilots_iteration3-utility_restoration-medium-low-high-medium-modular-private_fragmented-776105-always_act-event_triggered,utility_restoration,medium,low,high,medium,modular,776105,generalized_tsallis_gini,0.6,43,0.813953488372093,3.6646620802419836,0.18604651162790697
v7-pilots_iteration3-utility_restoration-medium-low-high-medium-modular-private_fragmented-776105-always_act-event_triggered,utility_restoration,medium,low,high,medium,modular,776105,graph_disagreement,0.6,43,0.8604651162790697,1.7285958754966744,0.13953488372093023
v7-pilots_iteration3-utility_restoration-medium-low-high-medium-modular-private_fragmented-776105-always_act-event_triggered,utility_restoration,medium,low,high,medium,modular,776105,combined_generalized_entropic,0.6,43,0.813953488372093,3.666164703855363,0.18604651162790697
v7-pilots_iteration3-utility_restoration-medium-medium-medium-medium-scale_free-private_fragmented-776103-always_act-event_triggered,utility_restoration,medium,medium,medium,medium,scale_free,776103,kpi_confidence,0.6,32,0.8125,-1.3527799619269056,0.1875
v7-pilots_iteration3-utility_restoration-medium-medium-medium-medium-scale_free-private_fragmented-776103-always_act-event_triggered,utility_restoration,medium,medium,medium,medium,scale_free,776103,predictive_uncertainty,0.6,32,0.78125,1.6805910081153062,0.21875
v7-pilots_iteration3-utility_restoration-medium-medium-medium-medium-scale_free-private_fragmented-776103-always_act-event_triggered,utility_restoration,medium,medium,medium,medium,scale_free,776103,shannon_js,0.6,32,0.8125,-1.985196153104233,0.1875
v7-pilots_iteration3-utility_restoration-medium-medium-medium-medium-scale_free-private_fragmented-776103-always_act-event_triggered,utility_restoration,medium,medium,medium,medium,scale_free,776103,generalized_tsallis_gini,0.6,32,0.8125,-1.9859335813807215,0.1875
v7-pilots_iteration3-utility_restoration-medium-medium-medium-medium-scale_free-private_fragmented-776103-always_act-event_triggered,utility_restoration,medium,medium,medium,medium,scale_free,776103,graph_disagreement,0.6,32,0.78125,1.659340839390014,0.21875
v7-pilots_iteration3-utility_restoration-medium-medium-medium-medium-scale_free-private_fragmented-776103-always_act-event_triggered,utility_restoration,medium,medium,medium,medium,scale_free,776103,combined_generalized_entropic,0.6,32,0.8125,0.5191960126516868,0.1875
v7-pilots_iteration3-utility_restoration-small-high-high-high-modular-private_fragmented-776102-always_act-event_triggered,utility_restoration,small,high,high,high,modular,776102,kpi_confidence,0.6,17,0.7647058823529411,0.8782619767840629,0.23529411764705882
v7-pilots_iteration3-utility_restoration-small-high-high-high-modular-private_fragmented-776102-always_act-event_triggered,utility_restoration,small,high,high,high,modular,776102,predictive_uncertainty,0.6,17,0.7058823529411765,1.7056790978337175,0.29411764705882354
v7-pilots_iteration3-utility_restoration-small-high-high-high-modular-private_fragmented-776102-always_act-event_triggered,utility_restoration,small,high,high,high,modular,776102,shannon_js,0.6,17,0.7647058823529411,1.0646147274803517,0.23529411764705882
v7-pilots_iteration3-utility_restoration-small-high-high-high-modular-private_fragmented-776102-always_act-event_triggered,utility_restoration,small,high,high,high,modular,776102,generalized_tsallis_gini,0.6,17,0.7647058823529411,1.0638357686206243,0.23529411764705882
v7-pilots_iteration3-utility_restoration-small-high-high-high-modular-private_fragmented-776102-always_act-event_triggered,utility_restoration,small,high,high,high,modular,776102,graph_disagreement,0.6,17,0.8235294117647058,-0.2737551614653053,0.17647058823529413
v7-pilots_iteration3-utility_restoration-small-high-high-high-modular-private_fragmented-776102-always_act-event_triggered,utility_restoration,small,high,high,high,modular,776102,combined_generalized_entropic,0.6,17,0.8235294117647058,-0.8745239415131985,0.17647058823529413
v7-pilots_iteration3-utility_restoration-small-low-low-low-grid-private_fragmented-776101-always_act-event_triggered,utility_restoration,small,low,low,low,grid,776101,kpi_confidence,0.6,11,0.8181818181818182,3.066349705416029,0.18181818181818182
v7-pilots_iteration3-utility_restoration-small-low-low-low-grid-private_fragmented-776101-always_act-event_triggered,utility_restoration,small,low,low,low,grid,776101,predictive_uncertainty,0.6,11,0.8181818181818182,3.0611712847039527,0.18181818181818182
v7-pilots_iteration3-utility_restoration-small-low-low-low-grid-private_fragmented-776101-always_act-event_triggered,utility_restoration,small,low,low,low,grid,776101,shannon_js,0.6,11,0.8181818181818182,3.062649871569526,0.18181818181818182
v7-pilots_iteration3-utility_restoration-small-low-low-low-grid-private_fragmented-776101-always_act-event_triggered,utility_restoration,small,low,low,low,grid,776101,generalized_tsallis_gini,0.6,11,0.9090909090909091,1.2323665323538522,0.09090909090909091
v7-pilots_iteration3-utility_restoration-small-low-low-low-grid-private_fragmented-776101-always_act-event_triggered,utility_restoration,small,low,low,low,grid,776101,graph_disagreement,0.6,11,0.9090909090909091,1.8039852394849616,0.09090909090909091
v7-pilots_iteration3-utility_restoration-small-low-low-low-grid-private_fragmented-776101-always_act-event_triggered,utility_restoration,small,low,low,low,grid,776101,combined_generalized_entropic,0.6,11,0.8181818181818182,3.063710398813221,0.18181818181818182
