family,cluster_id,metric,alpha,paired_difference
small_network,small_n3_g0,adjusted_block_kl_nats_per_update,0.8,9.019896129424869e-05
small_network,small_n3_g1,adjusted_block_kl_nats_per_update,0.8,0.0034445127031191
small_network,small_n3_g2,adjusted_block_kl_nats_per_update,0.8,-2.1980143679847265e-05
small_network,small_n3_g3,adjusted_block_kl_nats_per_update,0.8,9.652623837957994e-05
small_network,small_n4_g0,adjusted_block_kl_nats_per_update,0.8,-2.012932349533525e-05
small_network,small_n4_g1,adjusted_block_kl_nats_per_update,0.8,9.6977404524123e-07
small_network,small_n4_g2,adjusted_block_kl_nats_per_update,0.8,-0.002374868928975844
small_network,small_n4_g3,adjusted_block_kl_nats_per_update,0.8,-0.0030768376069146854
small_network,small_n3_g0,markov_epr_nats_per_update,0.8,-3.851859888774472e-34
small_network,small_n3_g1,markov_epr_nats_per_update,0.8,4.50547236365089e-32
small_network,small_n3_g2,markov_epr_nats_per_update,0.8,3.851859888774472e-34
small_network,small_n3_g3,markov_epr_nats_per_update,0.8,-1.3481509610710651e-33
small_network,small_n4_g0,markov_epr_nats_per_update,0.8,0.0
small_network,small_n4_g1,markov_epr_nats_per_update,0.8,1.925929944387236e-34
small_network,small_n4_g2,markov_epr_nats_per_update,0.8,1.0472244072605595e-32
small_network,small_n4_g3,markov_epr_nats_per_update,0.8,0.007248862946960517
small_network,small_n3_g0,mean_abs_belief_magnetization,0.8,-0.01307189542483661
small_network,small_n3_g1,mean_abs_belief_magnetization,0.8,0.008714596949891129
small_network,small_n3_g2,mean_abs_belief_magnetization,0.8,-0.006535947712418277
small_network,small_n3_g3,mean_abs_belief_magnetization,0.8,-0.017429193899782203
small_network,small_n4_g0,mean_abs_belief_magnetization,0.8,0.0012254901960784314
small_network,small_n4_g1,mean_abs_belief_magnetization,0.8,0.004901960784313725
small_network,small_n4_g2,mean_abs_belief_magnetization,0.8,0.024509803921568627
small_network,small_n4_g3,mean_abs_belief_magnetization,0.8,0.03676470588235294
small_network,small_n3_g0,belief_susceptibility,0.8,-0.02579979360165119
small_network,small_n3_g1,belief_susceptibility,0.8,0.07992202729044832
small_network,small_n3_g2,belief_susceptibility,0.8,-0.012785231051484922
small_network,small_n3_g3,belief_susceptibility,0.8,-0.034170393303520244
small_network,small_n4_g0,belief_susceptibility,0.8,0.0024509803921568627
small_network,small_n4_g1,belief_susceptibility,0.8,0.009634888438133878
small_network,small_n4_g2,belief_susceptibility,0.8,0.04566309282333623
small_network,small_n4_g3,belief_susceptibility,0.8,0.08910460736018547
small_network,small_n3_g0,belief_integrated_autocorrelation_time_updates,0.8,-1.9763680724991275
small_network,small_n3_g1,belief_integrated_autocorrelation_time_updates,0.8,9.169577718239092
small_network,small_n3_g2,belief_integrated_autocorrelation_time_updates,0.8,-0.14741111885674374
small_network,small_n3_g3,belief_integrated_autocorrelation_time_updates,0.8,-2.9491890926146413
small_network,small_n4_g0,belief_integrated_autocorrelation_time_updates,0.8,0.0
small_network,small_n4_g1,belief_integrated_autocorrelation_time_updates,0.8,1.9788732482541684
small_network,small_n4_g2,belief_integrated_autocorrelation_time_updates,0.8,3.1842527182479454
small_network,small_n4_g3,belief_integrated_autocorrelation_time_updates,0.8,1.748337732751354
collective_network,collective_n16_modular_k0.35_t0.50_g0,adjusted_block_kl_nats_per_update,0.8,-0.014138414733265978
collective_network,collective_n16_modular_k0.35_t0.50_g1,adjusted_block_kl_nats_per_update,0.8,0.014713368092699491
collective_network,collective_n16_modular_k0.35_t0.85_g0,adjusted_block_kl_nats_per_update,0.8,0.0019651150252019828
collective_network,collective_n16_modular_k0.35_t0.85_g1,adjusted_block_kl_nats_per_update,0.8,0.04074082157297114
collective_network,collective_n16_modular_k0.80_t0.50_g0,adjusted_block_kl_nats_per_update,0.8,-0.009484900750695135
collective_network,collective_n16_modular_k0.80_t0.50_g1,adjusted_block_kl_nats_per_update,0.8,-0.05196826271062226
collective_network,collective_n16_modular_k0.80_t0.85_g0,adjusted_block_kl_nats_per_update,0.8,0.01566974877077873
collective_network,collective_n16_modular_k0.80_t0.85_g1,adjusted_block_kl_nats_per_update,0.8,-0.0053217864059783605
collective_network,collective_n16_ring_k0.35_t0.50_g0,adjusted_block_kl_nats_per_update,0.8,-0.051568747414783817
collective_network,collective_n16_ring_k0.35_t0.50_g1,adjusted_block_kl_nats_per_update,0.8,0.05357842968971158
collective_network,collective_n16_ring_k0.35_t0.85_g0,adjusted_block_kl_nats_per_update,0.8,-0.02380223879454485
collective_network,collective_n16_ring_k0.35_t0.85_g1,adjusted_block_kl_nats_per_update,0.8,-0.00920325415104203
collective_network,collective_n16_ring_k0.80_t0.50_g0,adjusted_block_kl_nats_per_update,0.8,0.021410636546481718
collective_network,collective_n16_ring_k0.80_t0.50_g1,adjusted_block_kl_nats_per_update,0.8,-0.07009100981715358
collective_network,collective_n16_ring_k0.80_t0.85_g0,adjusted_block_kl_nats_per_update,0.8,-0.04178348484041103
collective_network,collective_n16_ring_k0.80_t0.85_g1,adjusted_block_kl_nats_per_update,0.8,0.007911806130132204
collective_network,collective_n8_modular_k0.35_t0.50_g0,adjusted_block_kl_nats_per_update,0.8,0.009372002026692968
collective_network,collective_n8_modular_k0.35_t0.50_g1,adjusted_block_kl_nats_per_update,0.8,0.008761112442120828
collective_network,collective_n8_modular_k0.35_t0.85_g0,adjusted_block_kl_nats_per_update,0.8,-0.038643959453082216
collective_network,collective_n8_modular_k0.35_t0.85_g1,adjusted_block_kl_nats_per_update,0.8,-0.002177314205663923
collective_network,collective_n8_modular_k0.80_t0.50_g0,adjusted_block_kl_nats_per_update,0.8,-0.0027265373148171596
collective_network,collective_n8_modular_k0.80_t0.50_g1,adjusted_block_kl_nats_per_update,0.8,0.08146816633410771
collective_network,collective_n8_modular_k0.80_t0.85_g0,adjusted_block_kl_nats_per_update,0.8,0.0018122802879712574
collective_network,collective_n8_modular_k0.80_t0.85_g1,adjusted_block_kl_nats_per_update,0.8,-0.029014624202262973
collective_network,collective_n8_ring_k0.35_t0.50_g0,adjusted_block_kl_nats_per_update,0.8,0.0020452996242896135
collective_network,collective_n8_ring_k0.35_t0.50_g1,adjusted_block_kl_nats_per_update,0.8,0.01756849213341775
collective_network,collective_n8_ring_k0.35_t0.85_g0,adjusted_block_kl_nats_per_update,0.8,0.010818779941303733
collective_network,collective_n8_ring_k0.35_t0.85_g1,adjusted_block_kl_nats_per_update,0.8,0.0
collective_network,collective_n8_ring_k0.80_t0.50_g0,adjusted_block_kl_nats_per_update,0.8,-0.0007177559540036856
collective_network,collective_n8_ring_k0.80_t0.50_g1,adjusted_block_kl_nats_per_update,0.8,0.020016641666150727
collective_network,collective_n8_ring_k0.80_t0.85_g0,adjusted_block_kl_nats_per_update,0.8,0.015101547913794006
collective_network,collective_n8_ring_k0.80_t0.85_g1,adjusted_block_kl_nats_per_update,0.8,0.0034022638115484196
collective_network,collective_n16_modular_k0.35_t0.50_g0,markov_epr_nats_per_update,0.8,5.806282311592871e-29
collective_network,collective_n16_modular_k0.35_t0.50_g1,markov_epr_nats_per_update,0.8,-6.850511747326631e-30
collective_network,collective_n16_modular_k0.35_t0.85_g0,markov_epr_nats_per_update,0.8,0.0
collective_network,collective_n16_modular_k0.35_t0.85_g1,markov_epr_nats_per_update,0.8,-3.887508250191972e-28
collective_network,collective_n16_modular_k0.80_t0.50_g0,markov_epr_nats_per_update,0.8,3.065715710865442e-28
collective_network,collective_n16_modular_k0.80_t0.50_g1,markov_epr_nats_per_update,0.8,0.014328660572328566
collective_network,collective_n16_modular_k0.80_t0.85_g0,markov_epr_nats_per_update,0.8,0.016701876010156977
collective_network,collective_n16_modular_k0.80_t0.85_g1,markov_epr_nats_per_update,0.8,-0.024422724605757583
collective_network,collective_n16_ring_k0.35_t0.50_g0,markov_epr_nats_per_update,0.8,7.614443260652438e-27
collective_network,collective_n16_ring_k0.35_t0.50_g1,markov_epr_nats_per_update,0.8,-1.537653953634245e-27
collective_network,collective_n16_ring_k0.35_t0.85_g0,markov_epr_nats_per_update,0.8,1.5057492667524757e-28
collective_network,collective_n16_ring_k0.35_t0.85_g1,markov_epr_nats_per_update,0.8,0.007326116956942065
collective_network,collective_n16_ring_k0.80_t0.50_g0,markov_epr_nats_per_update,0.8,-1.5725943981232849e-28
collective_network,collective_n16_ring_k0.80_t0.50_g1,markov_epr_nats_per_update,0.8,7.340601033788974e-29
collective_network,collective_n16_ring_k0.80_t0.85_g0,markov_epr_nats_per_update,0.8,1.6468087994997384e-28
collective_network,collective_n16_ring_k0.80_t0.85_g1,markov_epr_nats_per_update,0.8,-3.087519682864155e-29
collective_network,collective_n8_modular_k0.35_t0.50_g0,markov_epr_nats_per_update,0.8,1.504632769052528e-31
collective_network,collective_n8_modular_k0.35_t0.50_g1,markov_epr_nats_per_update,0.8,6.00527710074024e-27
collective_network,collective_n8_modular_k0.35_t0.85_g0,markov_epr_nats_per_update,0.8,3.4944090966555236e-29
collective_network,collective_n8_modular_k0.35_t0.85_g1,markov_epr_nats_per_update,0.8,-3.150532499525857e-30
collective_network,collective_n8_modular_k0.80_t0.50_g0,markov_epr_nats_per_update,0.8,3.4248114051433375e-29
collective_network,collective_n8_modular_k0.80_t0.50_g1,markov_epr_nats_per_update,0.8,-1.2194290258255137e-29
collective_network,collective_n8_modular_k0.80_t0.85_g0,markov_epr_nats_per_update,0.8,2.9106549156868914e-29
collective_network,collective_n8_modular_k0.80_t0.85_g1,markov_epr_nats_per_update,0.8,1.6629622660743874e-29
collective_network,collective_n8_ring_k0.35_t0.50_g0,markov_epr_nats_per_update,0.8,0.0
collective_network,collective_n8_ring_k0.35_t0.50_g1,markov_epr_nats_per_update,0.8,-3.850981183237346e-29
collective_network,collective_n8_ring_k0.35_t0.85_g0,markov_epr_nats_per_update,0.8,4.8148248609680896e-33
collective_network,collective_n8_ring_k0.35_t0.85_g1,markov_epr_nats_per_update,0.8,0.0
collective_network,collective_n8_ring_k0.80_t0.50_g0,markov_epr_nats_per_update,0.8,-1.185048768905771e-30
collective_network,collective_n8_ring_k0.80_t0.50_g1,markov_epr_nats_per_update,0.8,-2.8484190913871255e-29
collective_network,collective_n8_ring_k0.80_t0.85_g0,markov_epr_nats_per_update,0.8,-4.8581582847168024e-30
collective_network,collective_n8_ring_k0.80_t0.85_g1,markov_epr_nats_per_update,0.8,-7.703719777548943e-34
collective_network,collective_n16_modular_k0.35_t0.50_g0,mean_abs_belief_magnetization,0.8,0.010416666666666664
collective_network,collective_n16_modular_k0.35_t0.50_g1,mean_abs_belief_magnetization,0.8,-0.054036458333333315
collective_network,collective_n16_modular_k0.35_t0.85_g0,mean_abs_belief_magnetization,0.8,0.0
collective_network,collective_n16_modular_k0.35_t0.85_g1,mean_abs_belief_magnetization,0.8,-0.07291666666666667
collective_network,collective_n16_modular_k0.80_t0.50_g0,mean_abs_belief_magnetization,0.8,0.02604166666666667
collective_network,collective_n16_modular_k0.80_t0.50_g1,mean_abs_belief_magnetization,0.8,-0.042968749999999986
collective_network,collective_n16_modular_k0.80_t0.85_g0,mean_abs_belief_magnetization,0.8,-0.0013020833333333322
collective_network,collective_n16_modular_k0.80_t0.85_g1,mean_abs_belief_magnetization,0.8,0.011718750000000003
collective_network,collective_n16_ring_k0.35_t0.50_g0,mean_abs_belief_magnetization,0.8,-0.050130208333333315
collective_network,collective_n16_ring_k0.35_t0.50_g1,mean_abs_belief_magnetization,0.8,0.04101562500000001
collective_network,collective_n16_ring_k0.35_t0.85_g0,mean_abs_belief_magnetization,0.8,0.06510416666666666
collective_network,collective_n16_ring_k0.35_t0.85_g1,mean_abs_belief_magnetization,0.8,0.005859375
collective_network,collective_n16_ring_k0.80_t0.50_g0,mean_abs_belief_magnetization,0.8,0.044921875
collective_network,collective_n16_ring_k0.80_t0.50_g1,mean_abs_belief_magnetization,0.8,0.10807291666666666
collective_network,collective_n16_ring_k0.80_t0.85_g0,mean_abs_belief_magnetization,0.8,0.013671875
collective_network,collective_n16_ring_k0.80_t0.85_g1,mean_abs_belief_magnetization,0.8,-0.057942708333333315
collective_network,collective_n8_modular_k0.35_t0.50_g0,mean_abs_belief_magnetization,0.8,-0.010416666666666657
collective_network,collective_n8_modular_k0.35_t0.50_g1,mean_abs_belief_magnetization,0.8,-0.1484375
collective_network,collective_n8_modular_k0.35_t0.85_g0,mean_abs_belief_magnetization,0.8,-0.049479166666666685
collective_network,collective_n8_modular_k0.35_t0.85_g1,mean_abs_belief_magnetization,0.8,-0.033854166666666664
collective_network,collective_n8_modular_k0.80_t0.50_g0,mean_abs_belief_magnetization,0.8,0.0
collective_network,collective_n8_modular_k0.80_t0.50_g1,mean_abs_belief_magnetization,0.8,0.059895833333333356
collective_network,collective_n8_modular_k0.80_t0.85_g0,mean_abs_belief_magnetization,0.8,0.0
collective_network,collective_n8_modular_k0.80_t0.85_g1,mean_abs_belief_magnetization,0.8,0.03906249999999999
collective_network,collective_n8_ring_k0.35_t0.50_g0,mean_abs_belief_magnetization,0.8,0.0
collective_network,collective_n8_ring_k0.35_t0.50_g1,mean_abs_belief_magnetization,0.8,0.0078125
collective_network,collective_n8_ring_k0.35_t0.85_g0,mean_abs_belief_magnetization,0.8,0.013020833333333332
collective_network,collective_n8_ring_k0.35_t0.85_g1,mean_abs_belief_magnetization,0.8,0.0
collective_network,collective_n8_ring_k0.80_t0.50_g0,mean_abs_belief_magnetization,0.8,-0.1015625
collective_network,collective_n8_ring_k0.80_t0.50_g1,mean_abs_belief_magnetization,0.8,-0.08333333333333331
collective_network,collective_n8_ring_k0.80_t0.85_g0,mean_abs_belief_magnetization,0.8,-0.015625
collective_network,collective_n8_ring_k0.80_t0.85_g1,mean_abs_belief_magnetization,0.8,-0.07291666666666666
collective_network,collective_n16_modular_k0.35_t0.50_g0,belief_susceptibility,0.8,0.03640350877192982
collective_network,collective_n16_modular_k0.35_t0.50_g1,belief_susceptibility,0.8,0.09137883771929825
collective_network,collective_n16_modular_k0.35_t0.85_g0,belief_susceptibility,0.8,0.0
collective_network,collective_n16_modular_k0.35_t0.85_g1,belief_susceptibility,0.8,-0.053097587719298234
collective_network,collective_n16_modular_k0.80_t0.50_g0,belief_susceptibility,0.8,-0.09728618421052634
collective_network,collective_n16_modular_k0.80_t0.50_g1,belief_susceptibility,0.8,-0.13580043859649116
collective_network,collective_n16_modular_k0.80_t0.85_g0,belief_susceptibility,0.8,-0.0016721491228070262
collective_network,collective_n16_modular_k0.80_t0.85_g1,belief_susceptibility,0.8,0.016639254385964912
collective_network,collective_n16_ring_k0.35_t0.50_g0,belief_susceptibility,0.8,0.10409813596491231
collective_network,collective_n16_ring_k0.35_t0.50_g1,belief_susceptibility,0.8,0.011691337719298256
collective_network,collective_n16_ring_k0.35_t0.85_g0,belief_susceptibility,0.8,-0.007044956140350868
collective_network,collective_n16_ring_k0.35_t0.85_g1,belief_susceptibility,0.8,-0.006976425438596494
collective_network,collective_n16_ring_k0.80_t0.50_g0,belief_susceptibility,0.8,-0.0810718201754386
collective_network,collective_n16_ring_k0.80_t0.50_g1,belief_susceptibility,0.8,0.22297149122807014
collective_network,collective_n16_ring_k0.80_t0.85_g0,belief_susceptibility,0.8,-0.052782346491228094
collective_network,collective_n16_ring_k0.80_t0.85_g1,belief_susceptibility,0.8,0.14719024122807017
collective_network,collective_n8_modular_k0.35_t0.50_g0,belief_susceptibility,0.8,-0.049645390070922
collective_network,collective_n8_modular_k0.35_t0.50_g1,belief_susceptibility,0.8,0.021387411347517732
collective_network,collective_n8_modular_k0.35_t0.85_g0,belief_susceptibility,0.8,0.07369237588652486
collective_network,collective_n8_modular_k0.35_t0.85_g1,belief_susceptibility,0.8,-0.05042109929078015
collective_network,collective_n8_modular_k0.80_t0.50_g0,belief_susceptibility,0.8,0.0
collective_network,collective_n8_modular_k0.80_t0.50_g1,belief_susceptibility,0.8,-0.03379875886524822
collective_network,collective_n8_modular_k0.80_t0.85_g0,belief_susceptibility,0.8,0.13696808510638295
collective_network,collective_n8_modular_k0.80_t0.85_g1,belief_susceptibility,0.8,0.051529255319148946
collective_network,collective_n8_ring_k0.35_t0.50_g0,belief_susceptibility,0.8,0.0
collective_network,collective_n8_ring_k0.35_t0.50_g1,belief_susceptibility,0.8,-0.05551861702127661
collective_network,collective_n8_ring_k0.35_t0.85_g0,belief_susceptibility,0.8,0.015181737588652475
collective_network,collective_n8_ring_k0.35_t0.85_g1,belief_susceptibility,0.8,0.0
collective_network,collective_n8_ring_k0.80_t0.50_g0,belief_susceptibility,0.8,0.006981382978723402
collective_network,collective_n8_ring_k0.80_t0.50_g1,belief_susceptibility,0.8,-0.03856382978723405
collective_network,collective_n8_ring_k0.80_t0.85_g0,belief_susceptibility,0.8,-0.00022163120567374184
collective_network,collective_n8_ring_k0.80_t0.85_g1,belief_susceptibility,0.8,-0.09397163120567377
collective_network,collective_n16_modular_k0.35_t0.50_g0,belief_integrated_autocorrelation_time_updates,0.8,0.9092475170389314
collective_network,collective_n16_modular_k0.35_t0.50_g1,belief_integrated_autocorrelation_time_updates,0.8,8.762306521627366
collective_network,collective_n16_modular_k0.35_t0.85_g0,belief_integrated_autocorrelation_time_updates,0.8,0.0
collective_network,collective_n16_modular_k0.35_t0.85_g1,belief_integrated_autocorrelation_time_updates,0.8,-4.266553063979011
collective_network,collective_n16_modular_k0.80_t0.50_g0,belief_integrated_autocorrelation_time_updates,0.8,-0.055248040796211484
collective_network,collective_n16_modular_k0.80_t0.50_g1,belief_integrated_autocorrelation_time_updates,0.8,-0.7304508232819522
collective_network,collective_n16_modular_k0.80_t0.85_g0,belief_integrated_autocorrelation_time_updates,0.8,-0.7440427721925147
collective_network,collective_n16_modular_k0.80_t0.85_g1,belief_integrated_autocorrelation_time_updates,0.8,4.964895645506395
collective_network,collective_n16_ring_k0.35_t0.50_g0,belief_integrated_autocorrelation_time_updates,0.8,11.68058367987177
collective_network,collective_n16_ring_k0.35_t0.50_g1,belief_integrated_autocorrelation_time_updates,0.8,-4.861582552047388
collective_network,collective_n16_ring_k0.35_t0.85_g0,belief_integrated_autocorrelation_time_updates,0.8,4.553098421432167
collective_network,collective_n16_ring_k0.35_t0.85_g1,belief_integrated_autocorrelation_time_updates,0.8,0.9712112235230226
collective_network,collective_n16_ring_k0.80_t0.50_g0,belief_integrated_autocorrelation_time_updates,0.8,0.8447626293001882
collective_network,collective_n16_ring_k0.80_t0.50_g1,belief_integrated_autocorrelation_time_updates,0.8,9.444218814422179
collective_network,collective_n16_ring_k0.80_t0.85_g0,belief_integrated_autocorrelation_time_updates,0.8,-8.154688155265717
collective_network,collective_n16_ring_k0.80_t0.85_g1,belief_integrated_autocorrelation_time_updates,0.8,-3.103133223023246
collective_network,collective_n8_modular_k0.35_t0.50_g0,belief_integrated_autocorrelation_time_updates,0.8,0.5828933340271512
collective_network,collective_n8_modular_k0.35_t0.50_g1,belief_integrated_autocorrelation_time_updates,0.8,2.3382536213991445
collective_network,collective_n8_modular_k0.35_t0.85_g0,belief_integrated_autocorrelation_time_updates,0.8,1.1150638070133008
collective_network,collective_n8_modular_k0.35_t0.85_g1,belief_integrated_autocorrelation_time_updates,0.8,-5.964985490181464
collective_network,collective_n8_modular_k0.80_t0.50_g0,belief_integrated_autocorrelation_time_updates,0.8,0.0
collective_network,collective_n8_modular_k0.80_t0.50_g1,belief_integrated_autocorrelation_time_updates,0.8,2.9963204553087976
collective_network,collective_n8_modular_k0.80_t0.85_g0,belief_integrated_autocorrelation_time_updates,0.8,2.1689860976696966
collective_network,collective_n8_modular_k0.80_t0.85_g1,belief_integrated_autocorrelation_time_updates,0.8,5.844226855002642
collective_network,collective_n8_ring_k0.35_t0.50_g0,belief_integrated_autocorrelation_time_updates,0.8,0.0
collective_network,collective_n8_ring_k0.35_t0.50_g1,belief_integrated_autocorrelation_time_updates,0.8,-0.1858017951026696
collective_network,collective_n8_ring_k0.35_t0.85_g0,belief_integrated_autocorrelation_time_updates,0.8,-0.8267886011112573
collective_network,collective_n8_ring_k0.35_t0.85_g1,belief_integrated_autocorrelation_time_updates,0.8,0.0
collective_network,collective_n8_ring_k0.80_t0.50_g0,belief_integrated_autocorrelation_time_updates,0.8,0.9746267970279678
collective_network,collective_n8_ring_k0.80_t0.50_g1,belief_integrated_autocorrelation_time_updates,0.8,-2.28168216034649
collective_network,collective_n8_ring_k0.80_t0.85_g0,belief_integrated_autocorrelation_time_updates,0.8,-0.5634728802976721
collective_network,collective_n8_ring_k0.80_t0.85_g1,belief_integrated_autocorrelation_time_updates,0.8,-3.756372678444187
